[{"model": "mttrchrdsapi.basemodel", "pk": 35, "fields": {"created_at": "2023-08-14T20:51:05.133Z", "updated_at": "2023-08-14T20:51:05.133Z"}}, {"model": "mttrchrdsapi.basemodel", "pk": 36, "fields": {"created_at": "2023-08-14T20:51:30.541Z", "updated_at": "2023-08-14T20:51:30.541Z"}}, {"model": "mttrchrdsapi.basemodel", "pk": 37, "fields": {"created_at": "2023-08-14T20:51:44.758Z", "updated_at": "2023-08-20T14:35:18.984Z"}}, {"model": "mttrchrdsapi.basemodel", "pk": 38, "fields": {"created_at": "2023-08-14T20:52:58.052Z", "updated_at": "2023-10-13T20:52:31.171Z"}}, {"model": "mttrchrdsapi.basemodel", "pk": 39, "fields": {"created_at": "2023-08-20T14:35:31.323Z", "updated_at": "2023-08-20T14:35:31.323Z"}}, {"model": "mttrchrdsapi.basemodel", "pk": 40, "fields": {"created_at": "2023-08-20T14:36:14.983Z", "updated_at": "2023-08-20T14:36:14.983Z"}}, {"model": "mttrchrdsapi.basemodel", "pk": 41, "fields": {"created_at": "2023-08-20T14:37:13.321Z", "updated_at": "2023-08-20T14:37:13.321Z"}}, {"model": "mttrchrdsapi.basemodel", "pk": 42, "fields": {"created_at": "2023-08-20T14:37:41.900Z", "updated_at": "2023-08-20T14:37:41.900Z"}}, {"model": "mttrchrdsapi.basemodel", "pk": 43, "fields": {"created_at": "2023-08-20T14:39:37.965Z", "updated_at": "2023-08-20T14:39:37.965Z"}}, {"model": "mttrchrdsapi.basemodel", "pk": 44, "fields": {"created_at": "2023-08-20T14:40:00.034Z", "updated_at": "2023-08-20T14:40:00.034Z"}}, {"model": "mttrchrdsapi.basemodel", "pk": 45, "fields": {"created_at": "2023-08-20T14:42:26.826Z", "updated_at": "2023-08-20T14:42:26.826Z"}}, {"model": "mttrchrdsapi.basemodel", "pk": 46, "fields": {"created_at": "2023-08-20T14:42:54.425Z", "updated_at": "2023-08-20T14:42:54.425Z"}}, {"model": "mttrchrdsapi.basemodel", "pk": 47, "fields": {"created_at": "2023-08-20T14:43:16.148Z", "updated_at": "2023-08-20T14:43:16.148Z"}}, {"model": "mttrchrdsapi.basemodel", "pk": 48, "fields": {"created_at": "2023-08-20T14:43:38.143Z", "updated_at": "2023-08-20T14:43:38.143Z"}}, {"model": "mttrchrdsapi.basemodel", "pk": 49, "fields": {"created_at": "2023-08-20T14:43:58.347Z", "updated_at": "2023-08-20T14:43:58.347Z"}}, {"model": "mttrchrdsapi.basemodel", "pk": 50, "fields": {"created_at": "2023-08-20T14:44:40.030Z", "updated_at": "2023-08-20T14:44:40.030Z"}}, {"model": "mttrchrdsapi.basemodel", "pk": 51, "fields": {"created_at": "2023-08-20T14:44:55.348Z", "updated_at": "2023-08-20T14:44:55.348Z"}}, {"model": "mttrchrdsapi.basemodel", "pk": 52, "fields": {"created_at": "2023-08-20T14:45:00.513Z", "updated_at": "2023-08-20T14:45:00.513Z"}}, {"model": "mttrchrdsapi.basemodel", "pk": 53, "fields": {"created_at": "2023-08-20T14:45:14.959Z", "updated_at": "2023-08-20T14:45:14.959Z"}}, {"model": "mttrchrdsapi.basemodel", "pk": 54, "fields": {"created_at": "2023-08-20T14:45:26.934Z", "updated_at": "2023-08-20T14:45:26.934Z"}}, {"model": "mttrchrdsapi.basemodel", "pk": 55, "fields": {"created_at": "2023-08-20T14:45:40.802Z", "updated_at": "2023-08-20T14:45:40.802Z"}}, {"model": "mttrchrdsapi.basemodel", "pk": 56, "fields": {"created_at": "2023-08-20T14:45:53.104Z", "updated_at": "2023-08-20T14:45:53.104Z"}}, {"model": "mttrchrdsapi.basemodel", "pk": 57, "fields": {"created_at": "2023-08-20T14:47:56.863Z", "updated_at": "2023-10-13T20:51:51.962Z"}}, {"model": "mttrchrdsapi.basemodel", "pk": 58, "fields": {"created_at": "2023-08-20T14:49:14.964Z", "updated_at": "2023-08-20T14:49:14.964Z"}}, {"model": "mttrchrdsapi.basemodel", "pk": 59, "fields": {"created_at": "2023-08-20T14:50:32.465Z", "updated_at": "2023-10-24T11:53:40.685Z"}}, {"model": "mttrchrdsapi.basemodel", "pk": 60, "fields": {"created_at": "2023-08-20T14:52:20.136Z", "updated_at": "2023-08-20T14:52:20.136Z"}}, {"model": "mttrchrdsapi.basemodel", "pk": 61, "fields": {"created_at": "2023-08-20T14:53:25.661Z", "updated_at": "2023-10-13T21:29:34.801Z"}}, {"model": "mttrchrdsapi.basemodel", "pk": 62, "fields": {"created_at": "2023-08-20T14:54:59.870Z", "updated_at": "2023-08-20T14:54:59.870Z"}}, {"model": "mttrchrdsapi.basemodel", "pk": 63, "fields": {"created_at": "2023-08-20T14:56:25.504Z", "updated_at": "2023-08-20T14:56:25.504Z"}}, {"model": "mttrchrdsapi.basemodel", "pk": 64, "fields": {"created_at": "2023-08-20T14:57:35.725Z", "updated_at": "2023-08-20T14:57:35.725Z"}}, {"model": "mttrchrdsapi.basemodel", "pk": 65, "fields": {"created_at": "2023-08-20T14:59:37.896Z", "updated_at": "2023-08-20T14:59:37.896Z"}}, {"model": "mttrchrdsapi.basemodel", "pk": 66, "fields": {"created_at": "2023-08-20T15:02:07.150Z", "updated_at": "2023-08-20T15:02:07.150Z"}}, {"model": "mttrchrdsapi.basemodel", "pk": 67, "fields": {"created_at": "2023-08-20T15:03:04.963Z", "updated_at": "2023-08-20T15:03:04.963Z"}}, {"model": "mttrchrdsapi.basemodel", "pk": 68, "fields": {"created_at": "2023-08-20T15:06:12.533Z", "updated_at": "2023-08-20T15:06:12.533Z"}}, {"model": "mttrchrdsapi.basemodel", "pk": 69, "fields": {"created_at": "2023-08-20T15:07:27.994Z", "updated_at": "2023-08-20T15:07:27.994Z"}}, {"model": "mttrchrdsapi.basemodel", "pk": 70, "fields": {"created_at": "2023-08-20T15:08:17.902Z", "updated_at": "2023-08-20T15:08:17.902Z"}}, {"model": "mttrchrdsapi.basemodel", "pk": 71, "fields": {"created_at": "2023-08-20T15:09:28.361Z", "updated_at": "2023-08-20T15:09:28.361Z"}}, {"model": "mttrchrdsapi.basemodel", "pk": 72, "fields": {"created_at": "2023-08-21T20:07:18.460Z", "updated_at": "2023-08-21T20:07:18.460Z"}}, {"model": "mttrchrdsapi.basemodel", "pk": 73, "fields": {"created_at": "2023-08-21T20:07:39.777Z", "updated_at": "2023-08-21T20:07:39.777Z"}}, {"model": "mttrchrdsapi.basemodel", "pk": 74, "fields": {"created_at": "2023-08-21T20:07:48.440Z", "updated_at": "2023-08-21T20:07:48.440Z"}}, {"model": "mttrchrdsapi.basemodel", "pk": 75, "fields": {"created_at": "2023-08-21T20:09:21.202Z", "updated_at": "2023-08-21T20:09:21.202Z"}}, {"model": "mttrchrdsapi.basemodel", "pk": 76, "fields": {"created_at": "2023-08-21T20:12:47.932Z", "updated_at": "2023-08-21T20:12:47.932Z"}}, {"model": "mttrchrdsapi.basemodel", "pk": 77, "fields": {"created_at": "2023-08-21T20:13:17.829Z", "updated_at": "2023-08-21T20:13:17.829Z"}}, {"model": "mttrchrdsapi.basemodel", "pk": 78, "fields": {"created_at": "2023-08-21T20:13:24.101Z", "updated_at": "2023-08-21T20:13:24.101Z"}}, {"model": "mttrchrdsapi.basemodel", "pk": 79, "fields": {"created_at": "2023-08-21T20:13:33.704Z", "updated_at": "2023-08-21T20:13:33.704Z"}}, {"model": "mttrchrdsapi.basemodel", "pk": 80, "fields": {"created_at": "2023-08-21T20:13:36.490Z", "updated_at": "2023-08-21T20:13:36.490Z"}}, {"model": "mttrchrdsapi.basemodel", "pk": 81, "fields": {"created_at": "2023-08-21T20:13:48.025Z", "updated_at": "2023-08-21T20:13:48.025Z"}}, {"model": "mttrchrdsapi.basemodel", "pk": 82, "fields": {"created_at": "2023-08-21T20:13:51.154Z", "updated_at": "2023-08-21T20:13:51.154Z"}}, {"model": "mttrchrdsapi.basemodel", "pk": 83, "fields": {"created_at": "2023-08-21T20:15:01.530Z", "updated_at": "2023-08-21T20:15:01.530Z"}}, {"model": "mttrchrdsapi.basemodel", "pk": 84, "fields": {"created_at": "2023-08-21T20:16:32.985Z", "updated_at": "2023-10-14T12:49:10.041Z"}}, {"model": "mttrchrdsapi.basemodel", "pk": 85, "fields": {"created_at": "2023-08-21T20:16:59.661Z", "updated_at": "2023-10-14T12:48:59.047Z"}}, {"model": "mttrchrdsapi.basemodel", "pk": 86, "fields": {"created_at": "2023-08-21T20:18:18.697Z", "updated_at": "2023-08-21T20:18:18.697Z"}}, {"model": "mttrchrdsapi.basemodel", "pk": 87, "fields": {"created_at": "2023-08-21T20:19:10.632Z", "updated_at": "2023-08-21T20:19:10.632Z"}}, {"model": "mttrchrdsapi.basemodel", "pk": 88, "fields": {"created_at": "2023-08-21T20:20:25.372Z", "updated_at": "2023-08-21T20:20:25.372Z"}}, {"model": "mttrchrdsapi.basemodel", "pk": 89, "fields": {"created_at": "2023-08-21T20:20:30.449Z", "updated_at": "2023-08-21T20:20:30.449Z"}}, {"model": "mttrchrdsapi.basemodel", "pk": 90, "fields": {"created_at": "2023-08-21T20:20:35.806Z", "updated_at": "2023-10-14T12:48:43.366Z"}}, {"model": "mttrchrdsapi.basemodel", "pk": 91, "fields": {"created_at": "2023-08-21T20:21:24.150Z", "updated_at": "2023-10-14T12:48:33.126Z"}}, {"model": "mttrchrdsapi.basemodel", "pk": 92, "fields": {"created_at": "2023-08-21T20:22:34.431Z", "updated_at": "2023-08-21T20:22:34.431Z"}}, {"model": "mttrchrdsapi.basemodel", "pk": 93, "fields": {"created_at": "2023-08-21T20:23:33.832Z", "updated_at": "2023-10-14T12:48:26.693Z"}}, {"model": "mttrchrdsapi.basemodel", "pk": 94, "fields": {"created_at": "2023-08-21T20:24:04.934Z", "updated_at": "2023-10-14T12:48:20.204Z"}}, {"model": "mttrchrdsapi.basemodel", "pk": 95, "fields": {"created_at": "2023-08-21T20:24:30.778Z", "updated_at": "2023-10-14T12:48:14.240Z"}}, {"model": "mttrchrdsapi.basemodel", "pk": 96, "fields": {"created_at": "2023-08-21T20:24:54.661Z", "updated_at": "2023-08-21T20:24:54.661Z"}}, {"model": "mttrchrdsapi.basemodel", "pk": 97, "fields": {"created_at": "2023-08-21T20:25:03.664Z", "updated_at": "2023-08-21T20:25:03.664Z"}}, {"model": "mttrchrdsapi.basemodel", "pk": 98, "fields": {"created_at": "2023-08-21T20:25:53.936Z", "updated_at": "2023-08-21T20:25:53.936Z"}}, {"model": "mttrchrdsapi.basemodel", "pk": 99, "fields": {"created_at": "2023-08-21T20:28:35.578Z", "updated_at": "2023-08-21T20:28:35.579Z"}}, {"model": "mttrchrdsapi.basemodel", "pk": 100, "fields": {"created_at": "2023-08-21T20:29:59.668Z", "updated_at": "2023-08-21T20:29:59.668Z"}}, {"model": "mttrchrdsapi.basemodel", "pk": 101, "fields": {"created_at": "2023-08-21T20:31:45.636Z", "updated_at": "2023-08-21T20:31:45.636Z"}}, {"model": "mttrchrdsapi.basemodel", "pk": 102, "fields": {"created_at": "2023-08-21T20:32:29.455Z", "updated_at": "2023-08-21T20:32:29.455Z"}}, {"model": "mttrchrdsapi.basemodel", "pk": 103, "fields": {"created_at": "2023-08-21T20:33:02.969Z", "updated_at": "2023-08-21T20:33:02.969Z"}}, {"model": "mttrchrdsapi.basemodel", "pk": 104, "fields": {"created_at": "2023-08-21T20:33:31.797Z", "updated_at": "2023-08-21T20:33:31.797Z"}}, {"model": "mttrchrdsapi.basemodel", "pk": 105, "fields": {"created_at": "2023-08-21T20:34:28.299Z", "updated_at": "2023-08-21T20:34:28.299Z"}}, {"model": "mttrchrdsapi.basemodel", "pk": 106, "fields": {"created_at": "2023-08-21T20:34:51.737Z", "updated_at": "2023-08-21T20:34:51.737Z"}}, {"model": "mttrchrdsapi.basemodel", "pk": 107, "fields": {"created_at": "2023-08-21T20:35:46.118Z", "updated_at": "2023-08-21T20:35:46.118Z"}}, {"model": "mttrchrdsapi.basemodel", "pk": 108, "fields": {"created_at": "2023-08-21T20:36:18.301Z", "updated_at": "2023-11-04T13:00:05.500Z"}}, {"model": "mttrchrdsapi.basemodel", "pk": 109, "fields": {"created_at": "2023-08-21T20:36:55.276Z", "updated_at": "2023-08-21T20:36:55.276Z"}}, {"model": "mttrchrdsapi.basemodel", "pk": 110, "fields": {"created_at": "2023-08-21T20:37:21.917Z", "updated_at": "2023-08-21T20:37:21.917Z"}}, {"model": "mttrchrdsapi.basemodel", "pk": 111, "fields": {"created_at": "2023-08-21T20:37:45.516Z", "updated_at": "2023-08-21T20:37:45.516Z"}}, {"model": "mttrchrdsapi.basemodel", "pk": 112, "fields": {"created_at": "2023-08-21T20:38:11.745Z", "updated_at": "2023-08-21T20:38:11.745Z"}}, {"model": "mttrchrdsapi.basemodel", "pk": 113, "fields": {"created_at": "2023-08-21T20:39:20.652Z", "updated_at": "2023-08-21T20:39:20.652Z"}}, {"model": "mttrchrdsapi.basemodel", "pk": 114, "fields": {"created_at": "2023-08-21T20:39:50.570Z", "updated_at": "2023-08-21T20:39:50.570Z"}}, {"model": "mttrchrdsapi.basemodel", "pk": 115, "fields": {"created_at": "2023-08-21T20:40:17.162Z", "updated_at": "2023-08-21T20:40:17.162Z"}}, {"model": "mttrchrdsapi.basemodel", "pk": 116, "fields": {"created_at": "2023-08-21T20:40:48.516Z", "updated_at": "2023-08-21T20:40:48.516Z"}}, {"model": "mttrchrdsapi.basemodel", "pk": 117, "fields": {"created_at": "2023-08-21T20:41:13.273Z", "updated_at": "2023-08-21T20:41:13.273Z"}}, {"model": "mttrchrdsapi.basemodel", "pk": 118, "fields": {"created_at": "2023-08-21T20:41:37.884Z", "updated_at": "2023-08-21T20:41:37.884Z"}}, {"model": "mttrchrdsapi.basemodel", "pk": 119, "fields": {"created_at": "2023-08-21T20:41:54.766Z", "updated_at": "2023-08-21T20:41:54.766Z"}}, {"model": "mttrchrdsapi.basemodel", "pk": 120, "fields": {"created_at": "2023-08-21T20:42:25.047Z", "updated_at": "2023-08-21T20:42:25.047Z"}}, {"model": "mttrchrdsapi.basemodel", "pk": 121, "fields": {"created_at": "2023-08-21T20:42:55.910Z", "updated_at": "2023-08-21T20:42:55.910Z"}}, {"model": "mttrchrdsapi.basemodel", "pk": 122, "fields": {"created_at": "2023-08-21T20:43:22.386Z", "updated_at": "2023-08-21T20:43:22.386Z"}}, {"model": "mttrchrdsapi.basemodel", "pk": 123, "fields": {"created_at": "2023-08-21T20:43:56.809Z", "updated_at": "2023-08-21T20:43:56.809Z"}}, {"model": "mttrchrdsapi.basemodel", "pk": 124, "fields": {"created_at": "2023-08-21T20:44:21.202Z", "updated_at": "2023-08-21T20:44:21.202Z"}}, {"model": "mttrchrdsapi.basemodel", "pk": 125, "fields": {"created_at": "2023-08-21T20:44:40.820Z", "updated_at": "2023-08-21T20:44:40.820Z"}}, {"model": "mttrchrdsapi.basemodel", "pk": 126, "fields": {"created_at": "2023-08-21T20:45:30.302Z", "updated_at": "2023-08-21T20:45:30.302Z"}}, {"model": "mttrchrdsapi.basemodel", "pk": 127, "fields": {"created_at": "2023-08-21T20:45:49.528Z", "updated_at": "2023-08-21T20:45:49.528Z"}}, {"model": "mttrchrdsapi.basemodel", "pk": 128, "fields": {"created_at": "2023-10-13T18:50:19.708Z", "updated_at": "2023-10-14T12:48:06.711Z"}}, {"model": "mttrchrdsapi.basemodel", "pk": 129, "fields": {"created_at": "2023-10-13T18:51:40.363Z", "updated_at": "2023-10-14T12:47:58.667Z"}}, {"model": "mttrchrdsapi.basemodel", "pk": 130, "fields": {"created_at": "2023-10-13T18:52:10.050Z", "updated_at": "2023-10-13T18:52:10.050Z"}}, {"model": "mttrchrdsapi.basemodel", "pk": 131, "fields": {"created_at": "2023-10-13T18:52:30.233Z", "updated_at": "2023-10-13T18:52:30.233Z"}}, {"model": "mttrchrdsapi.basemodel", "pk": 132, "fields": {"created_at": "2023-10-13T18:53:08.480Z", "updated_at": "2023-10-13T18:53:08.480Z"}}, {"model": "mttrchrdsapi.basemodel", "pk": 133, "fields": {"created_at": "2023-10-13T18:54:11.840Z", "updated_at": "2023-10-13T18:54:11.840Z"}}, {"model": "mttrchrdsapi.basemodel", "pk": 134, "fields": {"created_at": "2023-10-13T19:30:58.682Z", "updated_at": "2023-10-13T19:30:58.682Z"}}, {"model": "mttrchrdsapi.basemodel", "pk": 135, "fields": {"created_at": "2023-10-13T19:31:28.083Z", "updated_at": "2023-10-13T19:31:28.083Z"}}, {"model": "mttrchrdsapi.basemodel", "pk": 136, "fields": {"created_at": "2023-10-13T19:31:41.322Z", "updated_at": "2023-10-13T19:31:41.322Z"}}, {"model": "mttrchrdsapi.basemodel", "pk": 137, "fields": {"created_at": "2023-10-13T19:33:25.484Z", "updated_at": "2023-10-13T19:33:25.484Z"}}, {"model": "mttrchrdsapi.basemodel", "pk": 138, "fields": {"created_at": "2023-10-13T19:33:52.967Z", "updated_at": "2023-10-13T19:33:52.967Z"}}, {"model": "mttrchrdsapi.basemodel", "pk": 139, "fields": {"created_at": "2023-10-13T19:34:30.216Z", "updated_at": "2023-10-13T19:34:30.216Z"}}, {"model": "mttrchrdsapi.basemodel", "pk": 140, "fields": {"created_at": "2023-10-13T19:35:57.962Z", "updated_at": "2023-10-13T19:35:57.962Z"}}, {"model": "mttrchrdsapi.basemodel", "pk": 141, "fields": {"created_at": "2023-10-13T19:36:05.262Z", "updated_at": "2023-10-13T19:36:05.262Z"}}, {"model": "mttrchrdsapi.basemodel", "pk": 142, "fields": {"created_at": "2023-10-13T19:36:13.480Z", "updated_at": "2023-10-13T19:36:13.480Z"}}, {"model": "mttrchrdsapi.basemodel", "pk": 143, "fields": {"created_at": "2023-10-13T19:52:38.808Z", "updated_at": "2023-10-13T19:52:38.808Z"}}, {"model": "mttrchrdsapi.basemodel", "pk": 144, "fields": {"created_at": "2023-10-13T19:54:11.555Z", "updated_at": "2023-10-14T12:47:31.897Z"}}, {"model": "mttrchrdsapi.basemodel", "pk": 145, "fields": {"created_at": "2023-10-13T19:57:27.112Z", "updated_at": "2023-10-13T19:57:27.112Z"}}, {"model": "mttrchrdsapi.basemodel", "pk": 146, "fields": {"created_at": "2023-10-13T19:57:51.293Z", "updated_at": "2023-10-13T19:57:51.293Z"}}, {"model": "mttrchrdsapi.basemodel", "pk": 147, "fields": {"created_at": "2023-10-13T19:58:01.522Z", "updated_at": "2023-10-13T19:58:01.522Z"}}, {"model": "mttrchrdsapi.basemodel", "pk": 148, "fields": {"created_at": "2023-10-13T19:59:00.556Z", "updated_at": "2023-10-13T19:59:00.556Z"}}, {"model": "mttrchrdsapi.basemodel", "pk": 149, "fields": {"created_at": "2023-10-13T20:00:27.922Z", "updated_at": "2023-10-14T12:47:24.908Z"}}, {"model": "mttrchrdsapi.basemodel", "pk": 150, "fields": {"created_at": "2023-10-13T20:12:54.845Z", "updated_at": "2023-10-13T20:12:54.845Z"}}, {"model": "mttrchrdsapi.basemodel", "pk": 151, "fields": {"created_at": "2023-10-13T20:13:48.360Z", "updated_at": "2023-10-13T20:13:48.360Z"}}, {"model": "mttrchrdsapi.basemodel", "pk": 152, "fields": {"created_at": "2023-10-13T20:14:31.674Z", "updated_at": "2023-10-13T20:14:31.674Z"}}, {"model": "mttrchrdsapi.basemodel", "pk": 153, "fields": {"created_at": "2023-10-13T20:17:27.930Z", "updated_at": "2023-10-13T20:17:27.930Z"}}, {"model": "mttrchrdsapi.basemodel", "pk": 154, "fields": {"created_at": "2023-10-13T20:19:08.015Z", "updated_at": "2023-10-14T12:46:28.571Z"}}, {"model": "mttrchrdsapi.basemodel", "pk": 155, "fields": {"created_at": "2023-10-13T20:21:42.280Z", "updated_at": "2023-10-13T20:21:42.280Z"}}, {"model": "mttrchrdsapi.basemodel", "pk": 156, "fields": {"created_at": "2023-10-13T20:22:27.641Z", "updated_at": "2023-10-13T20:22:27.641Z"}}, {"model": "mttrchrdsapi.basemodel", "pk": 157, "fields": {"created_at": "2023-10-13T20:23:25.136Z", "updated_at": "2023-10-13T20:23:25.136Z"}}, {"model": "mttrchrdsapi.basemodel", "pk": 158, "fields": {"created_at": "2023-10-13T20:23:35.867Z", "updated_at": "2023-10-13T20:23:35.867Z"}}, {"model": "mttrchrdsapi.basemodel", "pk": 159, "fields": {"created_at": "2023-10-13T20:23:46.071Z", "updated_at": "2023-10-13T20:23:46.072Z"}}, {"model": "mttrchrdsapi.basemodel", "pk": 161, "fields": {"created_at": "2023-10-13T20:24:41.125Z", "updated_at": "2023-10-13T20:24:41.125Z"}}, {"model": "mttrchrdsapi.basemodel", "pk": 162, "fields": {"created_at": "2023-10-13T20:26:34.288Z", "updated_at": "2023-10-13T20:52:18.729Z"}}, {"model": "mttrchrdsapi.basemodel", "pk": 163, "fields": {"created_at": "2023-10-13T20:27:19.193Z", "updated_at": "2023-10-13T20:27:19.193Z"}}, {"model": "mttrchrdsapi.basemodel", "pk": 164, "fields": {"created_at": "2023-10-13T20:28:53.901Z", "updated_at": "2023-10-13T20:28:53.901Z"}}, {"model": "mttrchrdsapi.basemodel", "pk": 165, "fields": {"created_at": "2023-10-13T20:29:08.314Z", "updated_at": "2023-10-14T12:46:20.968Z"}}, {"model": "mttrchrdsapi.basemodel", "pk": 166, "fields": {"created_at": "2023-10-13T20:44:14.672Z", "updated_at": "2023-10-14T12:46:14.295Z"}}, {"model": "mttrchrdsapi.basemodel", "pk": 167, "fields": {"created_at": "2023-10-13T20:44:43.506Z", "updated_at": "2023-10-13T20:44:43.506Z"}}, {"model": "mttrchrdsapi.basemodel", "pk": 168, "fields": {"created_at": "2023-10-13T20:46:11.448Z", "updated_at": "2023-10-13T20:46:11.448Z"}}, {"model": "mttrchrdsapi.basemodel", "pk": 169, "fields": {"created_at": "2023-10-13T20:46:56.770Z", "updated_at": "2023-10-13T20:46:56.770Z"}}, {"model": "mttrchrdsapi.basemodel", "pk": 170, "fields": {"created_at": "2023-10-13T20:47:51.586Z", "updated_at": "2023-10-13T20:47:51.586Z"}}, {"model": "mttrchrdsapi.basemodel", "pk": 171, "fields": {"created_at": "2023-10-13T20:48:39.217Z", "updated_at": "2023-10-14T12:46:07.073Z"}}, {"model": "mttrchrdsapi.basemodel", "pk": 172, "fields": {"created_at": "2023-10-13T20:49:07.173Z", "updated_at": "2023-10-13T20:49:07.173Z"}}, {"model": "mttrchrdsapi.basemodel", "pk": 173, "fields": {"created_at": "2023-10-13T20:50:11.173Z", "updated_at": "2023-10-13T20:50:11.173Z"}}, {"model": "mttrchrdsapi.basemodel", "pk": 174, "fields": {"created_at": "2023-10-13T20:51:16.454Z", "updated_at": "2023-10-13T20:51:16.454Z"}}, {"model": "mttrchrdsapi.basemodel", "pk": 175, "fields": {"created_at": "2023-10-13T20:56:21.820Z", "updated_at": "2023-10-13T20:56:21.820Z"}}, {"model": "mttrchrdsapi.basemodel", "pk": 176, "fields": {"created_at": "2023-10-13T20:58:15.987Z", "updated_at": "2023-10-13T20:58:15.987Z"}}, {"model": "mttrchrdsapi.basemodel", "pk": 177, "fields": {"created_at": "2023-10-13T20:58:34.380Z", "updated_at": "2023-10-13T20:58:34.380Z"}}, {"model": "mttrchrdsapi.basemodel", "pk": 178, "fields": {"created_at": "2023-10-13T20:59:09.518Z", "updated_at": "2023-10-13T20:59:09.518Z"}}, {"model": "mttrchrdsapi.basemodel", "pk": 179, "fields": {"created_at": "2023-10-13T21:00:05.193Z", "updated_at": "2023-10-13T21:00:05.193Z"}}, {"model": "mttrchrdsapi.basemodel", "pk": 180, "fields": {"created_at": "2023-10-13T21:07:24.304Z", "updated_at": "2023-10-13T21:12:51.204Z"}}, {"model": "mttrchrdsapi.basemodel", "pk": 181, "fields": {"created_at": "2023-10-13T21:08:06.020Z", "updated_at": "2023-10-13T21:12:45.707Z"}}, {"model": "mttrchrdsapi.basemodel", "pk": 182, "fields": {"created_at": "2023-10-13T21:08:57.958Z", "updated_at": "2023-10-13T21:12:41.183Z"}}, {"model": "mttrchrdsapi.basemodel", "pk": 183, "fields": {"created_at": "2023-10-13T21:09:30.256Z", "updated_at": "2023-10-13T21:12:37.913Z"}}, {"model": "mttrchrdsapi.basemodel", "pk": 184, "fields": {"created_at": "2023-10-13T21:10:12.263Z", "updated_at": "2023-10-13T21:12:34.565Z"}}, {"model": "mttrchrdsapi.basemodel", "pk": 185, "fields": {"created_at": "2023-10-13T21:10:52.034Z", "updated_at": "2023-10-13T21:17:14.241Z"}}, {"model": "mttrchrdsapi.basemodel", "pk": 186, "fields": {"created_at": "2023-10-13T21:11:44.917Z", "updated_at": "2023-10-13T21:12:29.016Z"}}, {"model": "mttrchrdsapi.basemodel", "pk": 187, "fields": {"created_at": "2023-10-13T21:12:17.489Z", "updated_at": "2023-10-13T21:12:17.489Z"}}, {"model": "mttrchrdsapi.basemodel", "pk": 188, "fields": {"created_at": "2023-10-13T21:13:49.969Z", "updated_at": "2023-10-13T21:14:59.881Z"}}, {"model": "mttrchrdsapi.basemodel", "pk": 189, "fields": {"created_at": "2023-10-13T21:14:14.274Z", "updated_at": "2023-10-13T21:15:03.223Z"}}, {"model": "mttrchrdsapi.basemodel", "pk": 190, "fields": {"created_at": "2023-10-13T21:14:46.677Z", "updated_at": "2023-10-13T21:15:06.421Z"}}, {"model": "mttrchrdsapi.basemodel", "pk": 191, "fields": {"created_at": "2023-10-13T21:15:45.380Z", "updated_at": "2023-10-13T21:15:45.380Z"}}, {"model": "mttrchrdsapi.basemodel", "pk": 192, "fields": {"created_at": "2023-10-13T21:15:50.302Z", "updated_at": "2023-10-13T21:15:50.302Z"}}, {"model": "mttrchrdsapi.basemodel", "pk": 193, "fields": {"created_at": "2023-10-13T21:16:24.787Z", "updated_at": "2023-10-13T21:16:24.787Z"}}, {"model": "mttrchrdsapi.basemodel", "pk": 194, "fields": {"created_at": "2023-10-13T21:16:50.125Z", "updated_at": "2023-10-13T21:16:50.125Z"}}, {"model": "mttrchrdsapi.basemodel", "pk": 195, "fields": {"created_at": "2023-10-13T21:17:42.287Z", "updated_at": "2023-10-13T21:17:42.287Z"}}, {"model": "mttrchrdsapi.basemodel", "pk": 196, "fields": {"created_at": "2023-10-13T21:18:24.219Z", "updated_at": "2023-10-13T21:18:24.219Z"}}, {"model": "mttrchrdsapi.basemodel", "pk": 197, "fields": {"created_at": "2023-10-13T21:18:55.849Z", "updated_at": "2023-10-13T21:18:55.849Z"}}, {"model": "mttrchrdsapi.basemodel", "pk": 198, "fields": {"created_at": "2023-10-13T21:19:32.632Z", "updated_at": "2023-10-13T21:19:32.632Z"}}, {"model": "mttrchrdsapi.basemodel", "pk": 199, "fields": {"created_at": "2023-10-13T21:20:06.770Z", "updated_at": "2023-10-13T21:20:06.770Z"}}, {"model": "mttrchrdsapi.basemodel", "pk": 200, "fields": {"created_at": "2023-10-13T21:20:56.031Z", "updated_at": "2023-10-13T21:20:56.031Z"}}, {"model": "mttrchrdsapi.basemodel", "pk": 201, "fields": {"created_at": "2023-10-13T21:21:06.400Z", "updated_at": "2023-10-13T21:21:06.400Z"}}, {"model": "mttrchrdsapi.basemodel", "pk": 202, "fields": {"created_at": "2023-10-13T21:21:41.782Z", "updated_at": "2023-10-13T21:21:41.782Z"}}, {"model": "mttrchrdsapi.basemodel", "pk": 203, "fields": {"created_at": "2023-10-13T21:22:20.404Z", "updated_at": "2023-10-13T21:25:27.653Z"}}, {"model": "mttrchrdsapi.basemodel", "pk": 204, "fields": {"created_at": "2023-10-13T21:25:58.901Z", "updated_at": "2023-10-13T21:25:58.901Z"}}, {"model": "mttrchrdsapi.basemodel", "pk": 205, "fields": {"created_at": "2023-10-13T21:26:31.797Z", "updated_at": "2023-10-13T21:26:31.797Z"}}, {"model": "mttrchrdsapi.basemodel", "pk": 206, "fields": {"created_at": "2023-10-13T21:27:02.934Z", "updated_at": "2023-10-13T21:27:02.934Z"}}, {"model": "mttrchrdsapi.basemodel", "pk": 207, "fields": {"created_at": "2023-10-13T21:27:40.578Z", "updated_at": "2023-10-13T21:28:12.787Z"}}, {"model": "mttrchrdsapi.basemodel", "pk": 208, "fields": {"created_at": "2023-10-13T21:28:09.477Z", "updated_at": "2023-10-13T21:28:09.477Z"}}, {"model": "mttrchrdsapi.basemodel", "pk": 209, "fields": {"created_at": "2023-10-13T21:28:41.227Z", "updated_at": "2023-10-13T21:28:41.227Z"}}, {"model": "mttrchrdsapi.basemodel", "pk": 210, "fields": {"created_at": "2023-10-13T21:29:15.853Z", "updated_at": "2023-10-13T21:29:15.853Z"}}, {"model": "mttrchrdsapi.basemodel", "pk": 211, "fields": {"created_at": "2023-10-13T21:30:20.714Z", "updated_at": "2023-10-13T21:30:20.714Z"}}, {"model": "mttrchrdsapi.basemodel", "pk": 212, "fields": {"created_at": "2023-10-13T21:30:48.868Z", "updated_at": "2023-10-13T21:30:48.868Z"}}, {"model": "mttrchrdsapi.basemodel", "pk": 213, "fields": {"created_at": "2023-10-13T21:31:16.086Z", "updated_at": "2023-10-13T21:31:16.086Z"}}, {"model": "mttrchrdsapi.basemodel", "pk": 214, "fields": {"created_at": "2023-10-24T10:50:37.291Z", "updated_at": "2023-10-24T10:50:37.291Z"}}, {"model": "mttrchrdsapi.basemodel", "pk": 215, "fields": {"created_at": "2023-10-24T11:07:03.962Z", "updated_at": "2023-10-24T11:07:03.962Z"}}, {"model": "mttrchrdsapi.basemodel", "pk": 216, "fields": {"created_at": "2023-10-24T11:21:54.574Z", "updated_at": "2023-10-24T11:21:54.574Z"}}, {"model": "mttrchrdsapi.basemodel", "pk": 217, "fields": {"created_at": "2023-10-24T11:29:24.871Z", "updated_at": "2023-10-24T11:29:24.872Z"}}, {"model": "mttrchrdsapi.basemodel", "pk": 218, "fields": {"created_at": "2023-10-24T11:32:48.446Z", "updated_at": "2023-10-24T11:32:48.446Z"}}, {"model": "mttrchrdsapi.basemodel", "pk": 219, "fields": {"created_at": "2023-10-24T11:37:10.006Z", "updated_at": "2023-10-24T11:37:10.006Z"}}, {"model": "mttrchrdsapi.basemodel", "pk": 220, "fields": {"created_at": "2023-10-24T11:39:07.723Z", "updated_at": "2023-10-24T11:39:07.723Z"}}, {"model": "mttrchrdsapi.basemodel", "pk": 221, "fields": {"created_at": "2023-10-24T11:40:51.806Z", "updated_at": "2023-10-24T11:40:51.806Z"}}, {"model": "mttrchrdsapi.basemodel", "pk": 222, "fields": {"created_at": "2023-10-24T11:43:57.179Z", "updated_at": "2023-10-24T11:43:57.179Z"}}, {"model": "mttrchrdsapi.basemodel", "pk": 223, "fields": {"created_at": "2023-10-24T11:44:31.850Z", "updated_at": "2023-10-24T11:44:31.850Z"}}, {"model": "mttrchrdsapi.basemodel", "pk": 224, "fields": {"created_at": "2023-10-24T11:44:40.645Z", "updated_at": "2023-10-24T11:44:40.645Z"}}, {"model": "mttrchrdsapi.basemodel", "pk": 225, "fields": {"created_at": "2023-10-24T11:52:11.218Z", "updated_at": "2023-10-24T11:52:11.218Z"}}, {"model": "mttrchrdsapi.basemodel", "pk": 226, "fields": {"created_at": "2023-10-24T11:52:38.762Z", "updated_at": "2023-10-24T11:52:38.762Z"}}, {"model": "mttrchrdsapi.basemodel", "pk": 227, "fields": {"created_at": "2023-10-24T11:59:38.269Z", "updated_at": "2023-10-24T12:21:10.241Z"}}, {"model": "mttrchrdsapi.basemodel", "pk": 228, "fields": {"created_at": "2023-10-24T12:03:05.087Z", "updated_at": "2023-10-24T12:03:05.087Z"}}, {"model": "mttrchrdsapi.basemodel", "pk": 229, "fields": {"created_at": "2023-10-24T12:04:35.205Z", "updated_at": "2023-10-24T12:04:35.205Z"}}, {"model": "mttrchrdsapi.basemodel", "pk": 230, "fields": {"created_at": "2023-10-24T12:05:25.070Z", "updated_at": "2023-10-24T12:05:25.070Z"}}, {"model": "mttrchrdsapi.basemodel", "pk": 231, "fields": {"created_at": "2023-10-24T12:06:11.672Z", "updated_at": "2023-10-24T12:06:11.672Z"}}, {"model": "mttrchrdsapi.basemodel", "pk": 232, "fields": {"created_at": "2023-10-24T12:10:25.628Z", "updated_at": "2023-10-24T12:10:25.628Z"}}, {"model": "mttrchrdsapi.basemodel", "pk": 233, "fields": {"created_at": "2023-10-24T12:11:27.122Z", "updated_at": "2023-10-24T12:11:27.122Z"}}, {"model": "mttrchrdsapi.basemodel", "pk": 234, "fields": {"created_at": "2023-10-24T12:13:48.514Z", "updated_at": "2023-10-24T12:13:48.514Z"}}, {"model": "mttrchrdsapi.basemodel", "pk": 235, "fields": {"created_at": "2023-10-24T12:15:03.441Z", "updated_at": "2023-10-24T12:15:03.441Z"}}, {"model": "mttrchrdsapi.basemodel", "pk": 236, "fields": {"created_at": "2023-10-24T12:15:45.684Z", "updated_at": "2023-10-24T12:15:45.684Z"}}, {"model": "mttrchrdsapi.basemodel", "pk": 237, "fields": {"created_at": "2023-10-24T12:24:19.912Z", "updated_at": "2023-10-24T12:24:19.912Z"}}, {"model": "mttrchrdsapi.basemodel", "pk": 238, "fields": {"created_at": "2023-10-24T12:26:18.201Z", "updated_at": "2023-10-24T12:26:18.201Z"}}, {"model": "mttrchrdsapi.basemodel", "pk": 239, "fields": {"created_at": "2023-10-24T12:28:09.911Z", "updated_at": "2023-10-24T12:28:09.911Z"}}, {"model": "mttrchrdsapi.basemodel", "pk": 240, "fields": {"created_at": "2023-10-24T12:28:24.772Z", "updated_at": "2023-10-24T12:28:24.772Z"}}, {"model": "mttrchrdsapi.basemodel", "pk": 241, "fields": {"created_at": "2023-10-24T12:28:30.475Z", "updated_at": "2023-10-24T12:28:30.475Z"}}, {"model": "mttrchrdsapi.basemodel", "pk": 242, "fields": {"created_at": "2023-10-24T12:29:13.937Z", "updated_at": "2023-10-24T12:29:13.937Z"}}, {"model": "mttrchrdsapi.basemodel", "pk": 243, "fields": {"created_at": "2023-10-24T12:31:38.709Z", "updated_at": "2023-10-24T12:31:38.709Z"}}, {"model": "mttrchrdsapi.basemodel", "pk": 244, "fields": {"created_at": "2023-10-24T12:33:47.362Z", "updated_at": "2023-10-24T12:33:47.362Z"}}, {"model": "mttrchrdsapi.basemodel", "pk": 245, "fields": {"created_at": "2023-10-24T12:34:25.018Z", "updated_at": "2023-10-24T12:34:25.018Z"}}, {"model": "mttrchrdsapi.basemodel", "pk": 246, "fields": {"created_at": "2023-10-24T12:35:00.201Z", "updated_at": "2023-10-24T12:35:00.201Z"}}, {"model": "mttrchrdsapi.basemodel", "pk": 247, "fields": {"created_at": "2023-10-24T12:43:57.047Z", "updated_at": "2023-10-24T12:43:57.047Z"}}, {"model": "mttrchrdsapi.basemodel", "pk": 248, "fields": {"created_at": "2023-10-24T12:44:36.030Z", "updated_at": "2023-10-24T12:44:36.030Z"}}, {"model": "mttrchrdsapi.basemodel", "pk": 249, "fields": {"created_at": "2023-10-24T12:45:41.369Z", "updated_at": "2023-10-24T12:45:41.369Z"}}, {"model": "mttrchrdsapi.basemodel", "pk": 250, "fields": {"created_at": "2023-10-24T12:47:01.924Z", "updated_at": "2023-10-24T12:47:01.924Z"}}, {"model": "mttrchrdsapi.basemodel", "pk": 251, "fields": {"created_at": "2023-10-24T12:48:21.711Z", "updated_at": "2023-10-24T12:48:21.711Z"}}, {"model": "mttrchrdsapi.basemodel", "pk": 252, "fields": {"created_at": "2023-10-24T12:49:27.124Z", "updated_at": "2023-10-24T12:49:27.124Z"}}, {"model": "mttrchrdsapi.basemodel", "pk": 253, "fields": {"created_at": "2023-10-24T12:50:33.817Z", "updated_at": "2023-10-24T12:50:33.817Z"}}, {"model": "mttrchrdsapi.basemodel", "pk": 254, "fields": {"created_at": "2023-10-24T12:51:05.755Z", "updated_at": "2023-10-24T12:51:05.755Z"}}, {"model": "mttrchrdsapi.basemodel", "pk": 255, "fields": {"created_at": "2023-10-24T12:51:47.143Z", "updated_at": "2023-10-24T12:51:47.143Z"}}, {"model": "mttrchrdsapi.basemodel", "pk": 256, "fields": {"created_at": "2023-10-24T12:52:42.188Z", "updated_at": "2023-10-24T12:52:42.188Z"}}, {"model": "mttrchrdsapi.basemodel", "pk": 257, "fields": {"created_at": "2023-10-24T12:53:16.937Z", "updated_at": "2023-10-24T12:53:16.937Z"}}, {"model": "mttrchrdsapi.basemodel", "pk": 258, "fields": {"created_at": "2023-10-24T12:54:15.207Z", "updated_at": "2023-10-24T12:54:15.207Z"}}, {"model": "mttrchrdsapi.basemodel", "pk": 259, "fields": {"created_at": "2023-10-24T12:56:09.433Z", "updated_at": "2023-10-24T12:56:09.433Z"}}, {"model": "mttrchrdsapi.basemodel", "pk": 260, "fields": {"created_at": "2023-10-24T12:56:42.525Z", "updated_at": "2023-10-24T12:56:42.525Z"}}, {"model": "mttrchrdsapi.basemodel", "pk": 261, "fields": {"created_at": "2023-10-24T13:00:23.022Z", "updated_at": "2023-10-24T13:00:23.022Z"}}, {"model": "mttrchrdsapi.basemodel", "pk": 262, "fields": {"created_at": "2023-10-24T13:01:41.704Z", "updated_at": "2023-10-24T13:01:41.704Z"}}, {"model": "mttrchrdsapi.basemodel", "pk": 263, "fields": {"created_at": "2023-10-24T13:02:04.421Z", "updated_at": "2023-10-24T13:02:04.421Z"}}, {"model": "mttrchrdsapi.basemodel", "pk": 264, "fields": {"created_at": "2023-10-24T13:03:12.228Z", "updated_at": "2023-10-24T13:03:12.228Z"}}, {"model": "mttrchrdsapi.basemodel", "pk": 265, "fields": {"created_at": "2023-10-24T13:04:11.674Z", "updated_at": "2023-10-24T13:04:11.674Z"}}, {"model": "mttrchrdsapi.basemodel", "pk": 266, "fields": {"created_at": "2023-10-24T13:05:10.982Z", "updated_at": "2023-10-24T13:05:10.982Z"}}, {"model": "mttrchrdsapi.basemodel", "pk": 267, "fields": {"created_at": "2023-10-24T13:06:04.888Z", "updated_at": "2023-10-24T13:06:04.888Z"}}, {"model": "mttrchrdsapi.basemodel", "pk": 268, "fields": {"created_at": "2023-10-24T13:07:58.208Z", "updated_at": "2023-10-24T13:07:58.208Z"}}, {"model": "mttrchrdsapi.basemodel", "pk": 269, "fields": {"created_at": "2023-10-24T13:10:23.000Z", "updated_at": "2023-10-24T13:10:23.000Z"}}, {"model": "mttrchrdsapi.basemodel", "pk": 270, "fields": {"created_at": "2023-10-24T13:11:11.019Z", "updated_at": "2023-10-24T13:11:11.019Z"}}, {"model": "mttrchrdsapi.basemodel", "pk": 271, "fields": {"created_at": "2023-10-24T13:11:45.848Z", "updated_at": "2023-10-24T13:11:45.848Z"}}, {"model": "mttrchrdsapi.basemodel", "pk": 272, "fields": {"created_at": "2023-10-24T13:12:40.931Z", "updated_at": "2023-10-24T13:12:40.931Z"}}, {"model": "mttrchrdsapi.basemodel", "pk": 273, "fields": {"created_at": "2023-10-24T13:13:14.116Z", "updated_at": "2023-10-24T13:13:14.116Z"}}, {"model": "mttrchrdsapi.basemodel", "pk": 274, "fields": {"created_at": "2023-10-24T13:14:36.423Z", "updated_at": "2023-10-24T13:14:36.423Z"}}, {"model": "mttrchrdsapi.basemodel", "pk": 275, "fields": {"created_at": "2023-10-24T13:33:40.381Z", "updated_at": "2023-10-24T13:33:40.381Z"}}, {"model": "mttrchrdsapi.basemodel", "pk": 276, "fields": {"created_at": "2023-10-24T13:34:20.361Z", "updated_at": "2023-10-24T13:34:20.361Z"}}, {"model": "mttrchrdsapi.basemodel", "pk": 277, "fields": {"created_at": "2023-10-24T13:35:05.598Z", "updated_at": "2023-10-24T13:35:05.598Z"}}, {"model": "mttrchrdsapi.basemodel", "pk": 278, "fields": {"created_at": "2023-10-24T13:35:45.557Z", "updated_at": "2023-10-24T13:35:45.557Z"}}, {"model": "mttrchrdsapi.basemodel", "pk": 279, "fields": {"created_at": "2023-10-24T13:36:25.633Z", "updated_at": "2023-10-24T13:36:25.633Z"}}, {"model": "mttrchrdsapi.basemodel", "pk": 280, "fields": {"created_at": "2023-10-24T13:37:02.761Z", "updated_at": "2023-10-24T13:37:02.761Z"}}, {"model": "mttrchrdsapi.basemodel", "pk": 281, "fields": {"created_at": "2023-10-24T13:37:45.481Z", "updated_at": "2023-10-24T13:37:45.481Z"}}, {"model": "mttrchrdsapi.basemodel", "pk": 282, "fields": {"created_at": "2023-10-24T13:38:25.823Z", "updated_at": "2023-10-24T13:38:25.823Z"}}, {"model": "mttrchrdsapi.basemodel", "pk": 283, "fields": {"created_at": "2023-10-24T13:39:12.700Z", "updated_at": "2023-10-24T13:39:12.700Z"}}, {"model": "mttrchrdsapi.basemodel", "pk": 284, "fields": {"created_at": "2023-10-24T13:39:48.812Z", "updated_at": "2023-10-24T13:39:48.812Z"}}, {"model": "mttrchrdsapi.basemodel", "pk": 285, "fields": {"created_at": "2023-10-24T13:40:26.892Z", "updated_at": "2023-11-04T13:04:27.789Z"}}, {"model": "mttrchrdsapi.basemodel", "pk": 286, "fields": {"created_at": "2023-10-24T13:40:53.886Z", "updated_at": "2023-10-24T13:40:53.886Z"}}, {"model": "mttrchrdsapi.basemodel", "pk": 287, "fields": {"created_at": "2023-10-24T13:42:16.093Z", "updated_at": "2023-10-24T13:42:16.093Z"}}, {"model": "mttrchrdsapi.basemodel", "pk": 288, "fields": {"created_at": "2023-10-24T13:42:55.319Z", "updated_at": "2023-10-24T13:42:55.319Z"}}, {"model": "mttrchrdsapi.basemodel", "pk": 289, "fields": {"created_at": "2023-10-24T13:43:53.027Z", "updated_at": "2023-10-24T13:43:53.027Z"}}, {"model": "mttrchrdsapi.basemodel", "pk": 290, "fields": {"created_at": "2023-10-24T13:44:19.072Z", "updated_at": "2023-10-24T13:44:19.072Z"}}, {"model": "mttrchrdsapi.basemodel", "pk": 291, "fields": {"created_at": "2023-10-24T13:44:46.856Z", "updated_at": "2023-10-24T13:44:46.856Z"}}, {"model": "mttrchrdsapi.basemodel", "pk": 292, "fields": {"created_at": "2023-10-24T13:45:17.825Z", "updated_at": "2023-10-24T13:45:17.825Z"}}, {"model": "mttrchrdsapi.basemodel", "pk": 293, "fields": {"created_at": "2023-10-24T13:46:21.934Z", "updated_at": "2023-10-24T13:46:21.934Z"}}, {"model": "mttrchrdsapi.basemodel", "pk": 294, "fields": {"created_at": "2023-10-24T13:46:54.757Z", "updated_at": "2023-10-24T13:46:54.757Z"}}, {"model": "mttrchrdsapi.basemodel", "pk": 295, "fields": {"created_at": "2023-10-24T13:47:23.876Z", "updated_at": "2023-10-24T13:47:23.876Z"}}, {"model": "mttrchrdsapi.basemodel", "pk": 296, "fields": {"created_at": "2023-10-24T13:48:03.825Z", "updated_at": "2023-10-24T13:48:03.825Z"}}, {"model": "mttrchrdsapi.basemodel", "pk": 297, "fields": {"created_at": "2023-10-24T13:48:31.284Z", "updated_at": "2023-10-24T13:48:31.284Z"}}, {"model": "mttrchrdsapi.basemodel", "pk": 298, "fields": {"created_at": "2023-10-24T13:49:06.554Z", "updated_at": "2023-10-24T13:49:06.554Z"}}, {"model": "mttrchrdsapi.basemodel", "pk": 299, "fields": {"created_at": "2023-10-24T13:49:37.719Z", "updated_at": "2023-10-24T13:49:37.719Z"}}, {"model": "mttrchrdsapi.basemodel", "pk": 300, "fields": {"created_at": "2023-10-24T13:50:09.650Z", "updated_at": "2023-10-24T13:50:09.650Z"}}, {"model": "mttrchrdsapi.basemodel", "pk": 301, "fields": {"created_at": "2023-10-24T13:50:37.732Z", "updated_at": "2023-10-24T13:50:37.732Z"}}, {"model": "mttrchrdsapi.basemodel", "pk": 302, "fields": {"created_at": "2023-10-24T13:50:59.789Z", "updated_at": "2023-10-24T13:50:59.789Z"}}, {"model": "mttrchrdsapi.basemodel", "pk": 303, "fields": {"created_at": "2023-10-24T13:51:52.903Z", "updated_at": "2023-10-24T13:51:52.903Z"}}, {"model": "mttrchrdsapi.basemodel", "pk": 304, "fields": {"created_at": "2023-10-24T13:52:21.399Z", "updated_at": "2023-10-24T13:52:21.399Z"}}, {"model": "mttrchrdsapi.basemodel", "pk": 305, "fields": {"created_at": "2023-10-24T13:52:53.715Z", "updated_at": "2023-10-24T13:52:53.715Z"}}, {"model": "mttrchrdsapi.basemodel", "pk": 306, "fields": {"created_at": "2023-10-24T13:53:26.447Z", "updated_at": "2023-10-24T13:53:26.447Z"}}, {"model": "mttrchrdsapi.basemodel", "pk": 307, "fields": {"created_at": "2023-10-24T13:56:05.424Z", "updated_at": "2023-10-24T13:56:05.424Z"}}, {"model": "mttrchrdsapi.basemodel", "pk": 308, "fields": {"created_at": "2023-10-24T13:56:12.720Z", "updated_at": "2023-10-24T13:56:12.720Z"}}, {"model": "mttrchrdsapi.basemodel", "pk": 309, "fields": {"created_at": "2023-10-24T13:56:46.111Z", "updated_at": "2023-10-24T13:56:46.111Z"}}, {"model": "mttrchrdsapi.basemodel", "pk": 310, "fields": {"created_at": "2023-10-24T13:57:20.115Z", "updated_at": "2023-10-24T13:57:20.115Z"}}, {"model": "mttrchrdsapi.basemodel", "pk": 311, "fields": {"created_at": "2023-10-24T13:57:46.787Z", "updated_at": "2023-10-24T13:57:46.788Z"}}, {"model": "mttrchrdsapi.basemodel", "pk": 312, "fields": {"created_at": "2023-10-24T13:58:08.861Z", "updated_at": "2023-10-24T13:58:08.861Z"}}, {"model": "mttrchrdsapi.basemodel", "pk": 313, "fields": {"created_at": "2023-10-24T14:00:27.011Z", "updated_at": "2023-10-24T14:00:27.011Z"}}, {"model": "mttrchrdsapi.basemodel", "pk": 314, "fields": {"created_at": "2023-10-24T14:00:29.095Z", "updated_at": "2023-10-24T14:00:29.095Z"}}, {"model": "mttrchrdsapi.basemodel", "pk": 315, "fields": {"created_at": "2023-10-24T14:00:55.524Z", "updated_at": "2023-10-24T14:00:55.524Z"}}, {"model": "mttrchrdsapi.basemodel", "pk": 316, "fields": {"created_at": "2023-10-24T14:01:26.287Z", "updated_at": "2023-10-24T14:01:26.287Z"}}, {"model": "mttrchrdsapi.basemodel", "pk": 317, "fields": {"created_at": "2023-10-24T14:01:58.833Z", "updated_at": "2023-10-24T14:01:58.833Z"}}, {"model": "mttrchrdsapi.basemodel", "pk": 318, "fields": {"created_at": "2023-10-24T14:02:43.785Z", "updated_at": "2023-11-04T13:06:17.161Z"}}, {"model": "mttrchrdsapi.basemodel", "pk": 319, "fields": {"created_at": "2023-10-24T14:03:27.953Z", "updated_at": "2023-10-24T14:03:27.953Z"}}, {"model": "mttrchrdsapi.basemodel", "pk": 320, "fields": {"created_at": "2023-10-24T14:03:30.887Z", "updated_at": "2023-10-24T14:03:30.887Z"}}, {"model": "mttrchrdsapi.basemodel", "pk": 321, "fields": {"created_at": "2023-11-04T12:54:33.353Z", "updated_at": "2023-11-04T12:54:33.353Z"}}, {"model": "mttrchrdsapi.basemodel", "pk": 322, "fields": {"created_at": "2023-11-04T12:55:28.653Z", "updated_at": "2023-11-04T12:55:28.653Z"}}, {"model": "mttrchrdsapi.basemodel", "pk": 323, "fields": {"created_at": "2023-11-04T12:56:11.747Z", "updated_at": "2023-11-04T12:56:11.747Z"}}, {"model": "mttrchrdsapi.showcreator", "pk": 72, "fields": {"name": "Marvel Studios", "image": "shows/creators/marvel_studios.png"}}, {"model": "mttrchrdsapi.showcreator", "pk": 73, "fields": {"name": "Netflix", "image": "shows/creators/netflix.png"}}, {"model": "mttrchrdsapi.showcreator", "pk": 74, "fields": {"name": "AMC", "image": "shows/creators/amc.png"}}, {"model": "mttrchrdsapi.showcreator", "pk": 75, "fields": {"name": "Nickelodeon", "image": "shows/creators/nickelodeon.png"}}, {"model": "mttrchrdsapi.showcreator", "pk": 76, "fields": {"name": "HBO", "image": "shows/creators/hbo.png"}}, {"model": "mttrchrdsapi.showcreator", "pk": 134, "fields": {"name": "Lucasfilm", "image": "shows/creators/lucasfilm.png"}}, {"model": "mttrchrdsapi.showcreator", "pk": 139, "fields": {"name": "Wingnut Films", "image": "shows/creators/wingnut_films.png"}}, {"model": "mttrchrdsapi.showcreator", "pk": 150, "fields": {"name": "Red Hour Productions", "image": "shows/creators/red_hour_productions.png"}}, {"model": "mttrchrdsapi.showcreator", "pk": 163, "fields": {"name": "Amazon Studios", "image": "shows/creators/amazon_studios.png"}}, {"model": "mttrchrdsapi.showcreator", "pk": 239, "fields": {"name": "Boardwalk Pictures", "image": "shows/creators/boardwalk_pictures.png"}}, {"model": "mttrchrdsapi.showcreator", "pk": 246, "fields": {"name": "Tannadice Pictures", "image": "shows/creators/tannadice_pictures.png"}}, {"model": "mttrchrdsapi.showcreator", "pk": 248, "fields": {"name": "CBS Studios", "image": "shows/creators/cbs_studios.webp"}}, {"model": "mttrchrdsapi.showcreator", "pk": 253, "fields": {"name": "Fortiche", "image": "shows/creators/fortiche.png"}}, {"model": "mttrchrdsapi.showcreator", "pk": 255, "fields": {"name": "Powerhouse Animation", "image": "shows/creators/powerhouse_animation.png"}}, {"model": "mttrchrdsapi.showcreator", "pk": 257, "fields": {"name": "Box To Box", "image": "shows/creators/box_to_box.png"}}, {"model": "mttrchrdsapi.showcreator", "pk": 260, "fields": {"name": "ITV Studios", "image": "shows/creators/itv_studios.png"}}, {"model": "mttrchrdsapi.showcreator", "pk": 262, "fields": {"name": "Studio Trigger", "image": "shows/creators/studio_trigger.png"}}, {"model": "mttrchrdsapi.showcreator", "pk": 264, "fields": {"name": "Arect", "image": "shows/creators/arect.png"}}, {"model": "mttrchrdsapi.showcreator", "pk": 266, "fields": {"name": "Adult Swim", "image": "shows/creators/adult_swim.png"}}, {"model": "mttrchrdsapi.showcreator", "pk": 269, "fields": {"name": "Screen Australia", "image": "shows/creators/screen_australia.png"}}, {"model": "mttrchrdsapi.showcreator", "pk": 271, "fields": {"name": "Warhammer", "image": "shows/creators/warhammer.png"}}, {"model": "mttrchrdsapi.showplatform", "pk": 96, "fields": {"name": "Netflix", "image": "shows/platforms/netflix.png"}}, {"model": "mttrchrdsapi.showplatform", "pk": 97, "fields": {"name": "Disney+", "image": "shows/platforms/disney_plus.png"}}, {"model": "mttrchrdsapi.showplatform", "pk": 98, "fields": {"name": "iPlayer", "image": "shows/platforms/iplayer.png"}}, {"model": "mttrchrdsapi.showplatform", "pk": 99, "fields": {"name": "Sky", "image": "shows/platforms/sky_logo.png"}}, {"model": "mttrchrdsapi.showplatform", "pk": 191, "fields": {"name": "Apple TV+", "image": "shows/platforms/apple_tv_plus.webp"}}, {"model": "mttrchrdsapi.showplatform", "pk": 200, "fields": {"name": "Amazon Prime", "image": "shows/platforms/amazon_prime_video.webp"}}, {"model": "mttrchrdsapi.showplatform", "pk": 307, "fields": {"name": "ITV X", "image": "shows/platforms/itvx.png"}}, {"model": "mttrchrdsapi.showplatform", "pk": 313, "fields": {"name": "Channel 4", "image": "shows/platforms/channel_4.png"}}, {"model": "mttrchrdsapi.showplatform", "pk": 319, "fields": {"name": "Warhammer TV", "image": "shows/platforms/warhammer_tv.png"}}, {"model": "mttrchrdsapi.showplatform", "pk": 321, "fields": {"name": "Blu-ray", "image": "shows/platforms/blu-ray.png"}}, {"model": "mttrchrdsapi.showcategory", "pk": 77, "fields": {"name": "Super hero"}}, {"model": "mttrchrdsapi.showcategory", "pk": 78, "fields": {"name": "Adventure"}}, {"model": "mttrchrdsapi.showcategory", "pk": 79, "fields": {"name": "Crime"}}, {"model": "mttrchrdsapi.showcategory", "pk": 80, "fields": {"name": "Drama"}}, {"model": "mttrchrdsapi.showcategory", "pk": 81, "fields": {"name": "Historical"}}, {"model": "mttrchrdsapi.showcategory", "pk": 82, "fields": {"name": "Horror"}}, {"model": "mttrchrdsapi.showcategory", "pk": 88, "fields": {"name": "Animation"}}, {"model": "mttrchrdsapi.showcategory", "pk": 89, "fields": {"name": "Fantasy"}}, {"model": "mttrchrdsapi.showcategory", "pk": 135, "fields": {"name": "Sci-fi"}}, {"model": "mttrchrdsapi.showcategory", "pk": 140, "fields": {"name": "Documentary"}}, {"model": "mttrchrdsapi.showcategory", "pk": 141, "fields": {"name": "Music"}}, {"model": "mttrchrdsapi.showcategory", "pk": 164, "fields": {"name": "Comedy"}}, {"model": "mttrchrdsapi.showcategory", "pk": 240, "fields": {"name": "Sports"}}, {"model": "mttrchrdsapi.show", "pk": 83, "fields": {"name": "Wandavision", "imdb_id": "tt9140560", "image": "shows/wandavision.jpg", "thumbnail": "shows/thumbnails/wandavision_thumb.png", "creator": 72, "categories": [77, 78]}}, {"model": "mttrchrdsapi.show", "pk": 84, "fields": {"name": "Narcos | Season 2", "imdb_id": "tt2707408", "image": "shows/narcos_season_2.webp", "thumbnail": "shows/thumbnails/narcos_season_2_thumb.jpg", "creator": 73, "categories": [79, 80]}}, {"model": "mttrchrdsapi.show", "pk": 85, "fields": {"name": "Narcos | Season 3", "imdb_id": "tt2707408", "image": "shows/narcos_season_3.jpeg", "thumbnail": "shows/thumbnails/narcos_season_3_thumb.jpg", "creator": 73, "categories": [79, 80]}}, {"model": "mttrchrdsapi.show", "pk": 86, "fields": {"name": "The Terror", "imdb_id": "tt2708480", "image": "shows/the_terror.jpeg", "thumbnail": "shows/thumbnails/the_terror_thumb.jpg", "creator": 74, "categories": [80, 81]}}, {"model": "mttrchrdsapi.show", "pk": 87, "fields": {"name": "The Falcon and The Winter Soldier", "imdb_id": "tt9208876", "image": "shows/the_falcon_and_the_winter_soldier.jpg", "thumbnail": "shows/thumbnails/the_falcon_and_the_winter_soldier_thumb.webp", "creator": 72, "categories": [77, 78]}}, {"model": "mttrchrdsapi.show", "pk": 90, "fields": {"name": "The Legend of Korra | Season 1", "imdb_id": "tt1695360", "image": "shows/the_legend_of_korra_season_1.jpg", "thumbnail": "shows/thumbnails/the_legend_of_korra_season_1_thumb.webp", "creator": 75, "categories": [88, 89]}}, {"model": "mttrchrdsapi.show", "pk": 91, "fields": {"name": "Loki | Season 1", "imdb_id": "tt9140554", "image": "shows/loki_season_1.jpg", "thumbnail": "shows/thumbnails/loki_season_1_thumb.png", "creator": 72, "categories": [77, 78]}}, {"model": "mttrchrdsapi.show", "pk": 92, "fields": {"name": "Mare of Easttown", "imdb_id": "tt10155688", "image": "shows/mare_of_easttown_season_1.jpg", "thumbnail": "shows/thumbnails/mare_of_easttown_season_1_thumb.jpg", "creator": 76, "categories": [79, 80]}}, {"model": "mttrchrdsapi.show", "pk": 93, "fields": {"name": "Succession | Season 1", "imdb_id": "tt7660850", "image": "shows/succession_season_1.gif", "thumbnail": "shows/thumbnails/succession_season_1_thumb.jpg", "creator": 76, "categories": [80]}}, {"model": "mttrchrdsapi.show", "pk": 94, "fields": {"name": "Succession | Season 2", "imdb_id": "tt7660850", "image": "shows/succession_season_2.webp", "thumbnail": "shows/thumbnails/succession_season_2_thumb.webp", "creator": 76, "categories": [80]}}, {"model": "mttrchrdsapi.show", "pk": 95, "fields": {"name": "Succession | Season 3", "imdb_id": "tt7660850", "image": "shows/succession_season_3.jpeg", "thumbnail": "shows/thumbnails/succession_season_3_thumb.jpg", "creator": 76, "categories": [80]}}, {"model": "mttrchrdsapi.show", "pk": 128, "fields": {"name": "The Witcher | Season 2", "imdb_id": "tt5180504", "image": "shows/the_witcher_season_2.jpg", "thumbnail": "shows/thumbnails/the_witcher_season_2_thumb.png", "creator": 73, "categories": [78, 89]}}, {"model": "mttrchrdsapi.show", "pk": 129, "fields": {"name": "Hawkeye", "imdb_id": "tt10160804", "image": "shows/hawkeye_season_1.jpeg", "thumbnail": "shows/thumbnails/hawkeye_season_1_thumb.jpeg", "creator": 72, "categories": [77, 78]}}, {"model": "mttrchrdsapi.show", "pk": 136, "fields": {"name": "The Book of Boba Fett", "imdb_id": "tt13668894", "image": "shows/the_book_of_boba_fett.jpg", "thumbnail": "shows/thumbnails/the_book_of_boba_fett_thumb.jpg", "creator": 134, "categories": [78, 135]}}, {"model": "mttrchrdsapi.show", "pk": 142, "fields": {"name": "The Beatles Get Back", "imdb_id": "tt9735318", "image": "shows/the_beatles_get_back.jpg", "thumbnail": "shows/thumbnails/the_beatles_get_back_thumb.webp", "creator": 139, "categories": [140, 141]}}, {"model": "mttrchrdsapi.show", "pk": 144, "fields": {"name": "The Legend of Korra | Season 2", "imdb_id": "tt1695360", "image": "shows/the_legend_of_korra_season_2.jpg", "thumbnail": "shows/thumbnails/the_legend_of_korra_season_2_thumb.jpg", "creator": 75, "categories": [88, 89]}}, {"model": "mttrchrdsapi.show", "pk": 149, "fields": {"name": "Moon Knight", "imdb_id": "tt10234724", "image": "shows/moon_knight_season_1.jpg", "thumbnail": "shows/thumbnails/moon_knight_season_1_thumb.webp", "creator": 72, "categories": [77, 78]}}, {"model": "mttrchrdsapi.show", "pk": 151, "fields": {"name": "Severance", "imdb_id": "tt11280740", "image": "shows/severance_season_1.jpg", "thumbnail": "shows/thumbnails/severance_season_1_thumb.jpg", "creator": 150, "categories": [80, 135]}}, {"model": "mttrchrdsapi.show", "pk": 154, "fields": {"name": "Obi-Wan Kenobi | Season 1", "imdb_id": "tt8466564", "image": "shows/obi-wan_kenobi_season_1.jpg", "thumbnail": "shows/thumbnails/obi-wan_kenobi_season_1_thumb.jpg", "creator": 134, "categories": [78, 135]}}, {"model": "mttrchrdsapi.show", "pk": 165, "fields": {"name": "The Boys | Season 3", "imdb_id": "tt1190634", "image": "shows/the_boys_season_3.webp", "thumbnail": "shows/thumbnails/the_boys_season_3_thumb.jpg", "creator": 163, "categories": [164, 77]}}, {"model": "mttrchrdsapi.show", "pk": 166, "fields": {"name": "The Rings of Power | Season 1", "imdb_id": "tt7631058", "image": "shows/the_rings_of_power_season_1.jpg", "thumbnail": "shows/thumbnails/the_rings_of_power_season_1_thumb.jpg", "creator": 163, "categories": [89, 78]}}, {"model": "mttrchrdsapi.show", "pk": 171, "fields": {"name": "Andor | Season 1", "imdb_id": "tt9253284", "image": "shows/andor_season_1.jpg", "thumbnail": "shows/thumbnails/andor_season_1_thumb.jpg", "creator": 134, "categories": [78, 135]}}, {"model": "mttrchrdsapi.show", "pk": 237, "fields": {"name": "The Witcher: Blood Origin", "imdb_id": "tt12785720", "image": "shows/the_witcher_blood_origin.jpg", "thumbnail": "shows/thumbnails/the_witcher_blood_origin_thumb.jpeg", "creator": 73, "categories": [89, 78]}}, {"model": "mttrchrdsapi.show", "pk": 238, "fields": {"name": "The Last of Us", "imdb_id": "tt3581920", "image": "shows/the_last_of_us.jpg", "thumbnail": "shows/thumbnails/the_last_of_us_thumb.webp", "creator": 76, "categories": [80, 78]}}, {"model": "mttrchrdsapi.show", "pk": 241, "fields": {"name": "Welcome to Wrexham | Season 1", "imdb_id": "tt14674086", "image": "shows/welcome_to_wrexham.jpg", "thumbnail": "shows/thumbnails/welcome_to_wrexham_thumb.jpg", "creator": 239, "categories": [240, 140]}}, {"model": "mttrchrdsapi.show", "pk": 242, "fields": {"name": "Welcome to Wrexham | Season 2", "imdb_id": "tt14674086", "image": "shows/welcome_to_wrexham_season_2.jpg", "thumbnail": "shows/thumbnails/welcome_to_wrexham_season_2_thumb.jpg", "creator": 239, "categories": [240, 140]}}, {"model": "mttrchrdsapi.show", "pk": 243, "fields": {"name": "The Mandalorian | Season 3", "imdb_id": "tt8111088", "image": "shows/the_mandalorian_season_3.jpeg", "thumbnail": "shows/thumbnails/the_mandalorian_season_3_thumb.jpg", "creator": 134, "categories": [78, 135]}}, {"model": "mttrchrdsapi.show", "pk": 244, "fields": {"name": "The White Lotus | Season 1", "imdb_id": "tt13406094", "image": "shows/the_white_lotus_season_1.jpg", "thumbnail": "shows/thumbnails/the_white_lotus_season_1_thumb.png", "creator": 76, "categories": [80, 79]}}, {"model": "mttrchrdsapi.show", "pk": 245, "fields": {"name": "The White Lotus | Season 2", "imdb_id": "tt13406094", "image": "shows/the_white_lotus_season_2.jpg", "thumbnail": "shows/thumbnails/the_white_lotus_season_2_thumb.jpg", "creator": 76, "categories": [80, 79]}}, {"model": "mttrchrdsapi.show", "pk": 247, "fields": {"name": "The Gold | Season 1", "imdb_id": "tt14063678", "image": "shows/the_gold_season_1.jpg", "thumbnail": "shows/thumbnails/the_gold_season_1_thumb.jpg", "creator": 246, "categories": [80, 79]}}, {"model": "mttrchrdsapi.show", "pk": 249, "fields": {"name": "Star Trek Picard | Season 2", "imdb_id": "tt8806524", "image": "shows/star_trek_picard_season_2.jpg", "thumbnail": "shows/thumbnails/star_trek_picard_season_2_thumb.jpg", "creator": 248, "categories": [78, 135]}}, {"model": "mttrchrdsapi.show", "pk": 250, "fields": {"name": "The Legend of Korra | Season 3", "imdb_id": "tt1695360", "image": "shows/the_legend_of_korra_season_3.jpg", "thumbnail": "shows/thumbnails/the_legend_of_korra_season_3_thumb.png", "creator": 75, "categories": [88, 89]}}, {"model": "mttrchrdsapi.show", "pk": 251, "fields": {"name": "The Legend of Korra | Season 4", "imdb_id": "tt1695360", "image": "shows/the_legend_of_korra_season_4.jpg", "thumbnail": "shows/thumbnails/the_legend_of_korra_season_4_thumb.png", "creator": 75, "categories": [88, 89]}}, {"model": "mttrchrdsapi.show", "pk": 252, "fields": {"name": "Succession | Season 4", "imdb_id": "tt7660850", "image": "shows/succession_season_4.jpg", "thumbnail": "shows/thumbnails/succession_season_4_thumb.jpg", "creator": 76, "categories": [80]}}, {"model": "mttrchrdsapi.show", "pk": 254, "fields": {"name": "Arcane | Season 1", "imdb_id": "tt11126994", "image": "shows/arcane.jpg", "thumbnail": "shows/thumbnails/arcane_thumb.png", "creator": 253, "categories": [88, 89]}}, {"model": "mttrchrdsapi.show", "pk": 256, "fields": {"name": "Blood of Zeus | Season 1", "imdb_id": "tt10009170", "image": "shows/blood_of_zeus_season_1.jpeg", "thumbnail": "shows/thumbnails/blood_of_zeus_season_1_thumb.jpg", "creator": 255, "categories": [88, 89]}}, {"model": "mttrchrdsapi.show", "pk": 258, "fields": {"name": "Tour de France Unchained", "imdb_id": "tt19296314", "image": "shows/tour_de_france_unchained.jpeg", "thumbnail": "shows/thumbnails/tour_de_france_unchained_thumb.jpeg", "creator": 257, "categories": [240, 140]}}, {"model": "mttrchrdsapi.show", "pk": 259, "fields": {"name": "Invincible | Season 1", "imdb_id": "tt6741278", "image": "shows/invincible_season_1.webp", "thumbnail": "shows/thumbnails/invincible_season_1_thumb.jpg", "creator": 163, "categories": [88, 77]}}, {"model": "mttrchrdsapi.show", "pk": 261, "fields": {"name": "A Spy Among Friends", "imdb_id": "tt15565872", "image": "shows/a_spy_among_friends.jpg", "thumbnail": "shows/thumbnails/a_spy_among_friends_thumb.webp", "creator": 260, "categories": [80, 81]}}, {"model": "mttrchrdsapi.show", "pk": 263, "fields": {"name": "Cyberpunk: Edgerunners", "imdb_id": "tt12590266", "image": "shows/cyberpunk_edgerunners.jpg", "thumbnail": "shows/thumbnails/cyberpunk_edgerunners_thumb.jpg", "creator": 262, "categories": [88, 135]}}, {"model": "mttrchrdsapi.show", "pk": 265, "fields": {"name": "Yakitori: Soldiers of Misfortune", "imdb_id": "tt27250338", "image": "shows/yakitori_soldiers_of_misfortune.jpg", "thumbnail": "shows/thumbnails/yakitori_soldiers_of_misfortune_thumb.jpeg", "creator": 264, "categories": [88, 135]}}, {"model": "mttrchrdsapi.show", "pk": 267, "fields": {"name": "Blade Runner: Black Lotus", "imdb_id": "tt9359796", "image": "shows/blade_runner_black_lotus.jpg", "thumbnail": "shows/thumbnails/blade_runner_black_lotus_thumb.jpg", "creator": 266, "categories": [88, 135]}}, {"model": "mttrchrdsapi.show", "pk": 268, "fields": {"name": "Ahsoka", "imdb_id": "tt13622776", "image": "shows/ahsoka.jpg", "thumbnail": "shows/thumbnails/ahsoka_thumb.webp", "creator": 134, "categories": [78, 135]}}, {"model": "mttrchrdsapi.show", "pk": 270, "fields": {"name": "Mr Inbetween | Season 1", "imdb_id": "tt7472896", "image": "shows/mr_inbetween_season_1.jpg", "thumbnail": "shows/thumbnails/mr_inbetween_season_1_thumb.jpg", "creator": 269, "categories": [80, 79]}}, {"model": "mttrchrdsapi.show", "pk": 272, "fields": {"name": "Pariah Nexus", "imdb_id": "tt29311250", "image": "shows/pariah_nexus.jpg", "thumbnail": "shows/thumbnails/pariah_nexus_thumb.jpg", "creator": 271, "categories": [88, 135]}}, {"model": "mttrchrdsapi.show", "pk": 322, "fields": {"name": "Game of Thrones | Season 1", "imdb_id": "tt0944947", "image": "shows/game_of_thrones_season_1.jpg", "thumbnail": "shows/thumbnails/game_of_thrones_season_1_thumb.jpg", "creator": 76, "categories": [80, 89]}}, {"model": "mttrchrdsapi.gamecreator", "pk": 36, "fields": {"name": "Naughty Dog", "image": "games/creators/naughty_dog.png"}}, {"model": "mttrchrdsapi.gamecreator", "pk": 40, "fields": {"name": "Motion Twin", "image": "games/creators/motion_twin.png"}}, {"model": "mttrchrdsapi.gamecreator", "pk": 41, "fields": {"name": "Santa Monica Studio", "image": "games/creators/santa_monica_studio.png"}}, {"model": "mttrchrdsapi.gamecreator", "pk": 42, "fields": {"name": "Vicarious Visions", "image": "games/creators/vicarious_visions.png"}}, {"model": "mttrchrdsapi.gamecreator", "pk": 43, "fields": {"name": "Respawn Entertainment", "image": "games/creators/respawn_entertainment.png"}}, {"model": "mttrchrdsapi.gamecreator", "pk": 44, "fields": {"name": "From Software", "image": "games/creators/from_software.png"}}, {"model": "mttrchrdsapi.gamecreator", "pk": 45, "fields": {"name": "Asobo Studio", "image": "games/creators/asobo_studio.png"}}, {"model": "mttrchrdsapi.gamecreator", "pk": 46, "fields": {"name": "Bend Studio", "image": "games/creators/bend_studio.png"}}, {"model": "mttrchrdsapi.gamecreator", "pk": 47, "fields": {"name": "Kojima Productions", "image": "games/creators/kojima_productions.png"}}, {"model": "mttrchrdsapi.gamecreator", "pk": 48, "fields": {"name": "Monolith Productions", "image": "games/creators/monolith_productions.png"}}, {"model": "mttrchrdsapi.gamecreator", "pk": 49, "fields": {"name": "Cold Symmetry", "image": "games/creators/cold_symmetry.png"}}, {"model": "mttrchrdsapi.gamecreator", "pk": 132, "fields": {"name": "Creative Assembly", "image": "games/creators/creative_assembly.png"}}, {"model": "mttrchrdsapi.gamecreator", "pk": 137, "fields": {"name": "Guerilla Games", "image": "games/creators/guerilla_games.png"}}, {"model": "mttrchrdsapi.gamecreator", "pk": 145, "fields": {"name": "Hazelight Studios", "image": "games/creators/hazelight_studios.png"}}, {"model": "mttrchrdsapi.gamecreator", "pk": 152, "fields": {"name": "Sumo Digital", "image": "games/creators/sumo_digital.png"}}, {"model": "mttrchrdsapi.gamecreator", "pk": 156, "fields": {"name": "Supergiant Games", "image": "games/creators/supergiant_games.webp"}}, {"model": "mttrchrdsapi.gamecreator", "pk": 161, "fields": {"name": "Insomniac Games", "image": "games/creators/insomniac_games.webp"}}, {"model": "mttrchrdsapi.gamecreator", "pk": 167, "fields": {"name": "A44 Games", "image": "games/creators/a44_games.png"}}, {"model": "mttrchrdsapi.gamecreator", "pk": 169, "fields": {"name": "Sucker Punch Productions", "image": "games/creators/sucker_punch.png"}}, {"model": "mttrchrdsapi.gamecreator", "pk": 172, "fields": {"name": "Ska Studios", "image": "games/creators/ska_studios.png"}}, {"model": "mttrchrdsapi.gamecreator", "pk": 175, "fields": {"name": "Blizzard", "image": "games/creators/blizzard_entertainment.png"}}, {"model": "mttrchrdsapi.gamecreator", "pk": 178, "fields": {"name": "Team Cherry", "image": "games/creators/team_cherry.png"}}, {"model": "mttrchrdsapi.gamecreator", "pk": 216, "fields": {"name": "Passtech Games", "image": "games/creators/passtech_games.png"}}, {"model": "mttrchrdsapi.gamecreator", "pk": 218, "fields": {"name": "Cold Iron Studio", "image": "games/creators/cold_iron_studio.png"}}, {"model": "mttrchrdsapi.gamecreator", "pk": 220, "fields": {"name": "Ti Games", "image": "games/creators/ti_games.png"}}, {"model": "mttrchrdsapi.gamecreator", "pk": 222, "fields": {"name": "Red Hook Studios", "image": "games/creators/red_hook_studios.png"}}, {"model": "mttrchrdsapi.gamecreator", "pk": 225, "fields": {"name": "Eko Software", "image": "games/creators/eko_software.png"}}, {"model": "mttrchrdsapi.gamecreator", "pk": 228, "fields": {"name": "StudioMDHR", "image": "games/creators/studio_mdhr.webp"}}, {"model": "mttrchrdsapi.gamecreator", "pk": 230, "fields": {"name": "Big Blue Bubble", "image": "games/creators/big_blue_bubble.png"}}, {"model": "mttrchrdsapi.gamecreator", "pk": 232, "fields": {"name": "CD Projekt Red", "image": "games/creators/cd_projekt_red.png"}}, {"model": "mttrchrdsapi.gamecreator", "pk": 235, "fields": {"name": "Larian Studios", "image": "games/creators/larian_studios.png"}}, {"model": "mttrchrdsapi.gamecreator", "pk": 273, "fields": {"name": "Nickelodeon", "image": "games/creators/nickelodeon.png"}}, {"model": "mttrchrdsapi.gameplatform", "pk": 37, "fields": {"name": "PS5", "image": "games/platforms/ps5.png"}}, {"model": "mttrchrdsapi.gameplatform", "pk": 39, "fields": {"name": "PS4", "image": "games/platforms/ps4.png"}}, {"model": "mttrchrdsapi.gamecategory", "pk": 35, "fields": {"name": "RPG"}}, {"model": "mttrchrdsapi.gamecategory", "pk": 50, "fields": {"name": "Third person"}}, {"model": "mttrchrdsapi.gamecategory", "pk": 51, "fields": {"name": "Roguelike"}}, {"model": "mttrchrdsapi.gamecategory", "pk": 52, "fields": {"name": "Metroidvania"}}, {"model": "mttrchrdsapi.gamecategory", "pk": 53, "fields": {"name": "2D Platform"}}, {"model": "mttrchrdsapi.gamecategory", "pk": 54, "fields": {"name": "Sport simulator"}}, {"model": "mttrchrdsapi.gamecategory", "pk": 55, "fields": {"name": "Open world"}}, {"model": "mttrchrdsapi.gamecategory", "pk": 56, "fields": {"name": "Soulslike"}}, {"model": "mttrchrdsapi.gamecategory", "pk": 130, "fields": {"name": "First person"}}, {"model": "mttrchrdsapi.gamecategory", "pk": 131, "fields": {"name": "Survival"}}, {"model": "mttrchrdsapi.gamecategory", "pk": 146, "fields": {"name": "3D Platform"}}, {"model": "mttrchrdsapi.gamecategory", "pk": 147, "fields": {"name": "Co-op"}}, {"model": "mttrchrdsapi.gamecategory", "pk": 157, "fields": {"name": "Roguelike"}}, {"model": "mttrchrdsapi.gamecategory", "pk": 158, "fields": {"name": "Top-down"}}, {"model": "mttrchrdsapi.gamecategory", "pk": 176, "fields": {"name": "ARPG"}}, {"model": "mttrchrdsapi.gamecategory", "pk": 223, "fields": {"name": "Turn-based"}}, {"model": "mttrchrdsapi.game", "pk": 38, "fields": {"name": "The Last of Us: Remastered", "imdb_id": "tt2140553", "image": "games/the_last_of_us_remastered.jpeg", "thumbnail": "games/thumbnails/the_last_of_us_remastered_thumb.jpeg", "creator": 36, "categories": [35, 50]}}, {"model": "mttrchrdsapi.game", "pk": 57, "fields": {"name": "The Last of Us: Part Two", "imdb_id": "tt6298000", "image": "games/the_last_of_us_part_2.jpg", "thumbnail": "games/thumbnails/the_last_of_us_part_2_thumb.png", "creator": 36, "categories": [35, 50]}}, {"model": "mttrchrdsapi.game", "pk": 58, "fields": {"name": "Unchartered: The Nathan Drake Collection", "imdb_id": "tt5766946", "image": "games/unchartered_collection.jpeg", "thumbnail": "games/thumbnails/unchartered_collection_thumb.png", "creator": 36, "categories": [35, 50]}}, {"model": "mttrchrdsapi.game", "pk": 59, "fields": {"name": "Unchartered: A Thief's End", "imdb_id": "tt3334704", "image": "games/unchartered_thiefs_end.jpeg", "thumbnail": "games/thumbnails/unchartered_thiefs_end_thumb.jpg", "creator": 36, "categories": [35, 50]}}, {"model": "mttrchrdsapi.game", "pk": 60, "fields": {"name": "Dead Cells", "imdb_id": "tt9616440", "image": "games/dead_cells.jpg", "thumbnail": "games/thumbnails/dead_cells_thumb.webp", "creator": 40, "categories": [51, 52, 53]}}, {"model": "mttrchrdsapi.game", "pk": 61, "fields": {"name": "God of War 3: Remastered", "imdb_id": "tt1199781", "image": "games/god_of_war_3.webp", "thumbnail": "games/thumbnails/god_of_war_3_thumb.jpg", "creator": 41, "categories": [35, 50]}}, {"model": "mttrchrdsapi.game", "pk": 62, "fields": {"name": "Tony Hawks Pro Skater 1 + 2", "imdb_id": "tt12316448", "image": "games/tony_haws_pro_skater.jpg", "thumbnail": "games/thumbnails/tony_hawks_pro_skater_thumb.jpg", "creator": 42, "categories": [50, 54]}}, {"model": "mttrchrdsapi.game", "pk": 63, "fields": {"name": "Star Wars Jedi: Fallen Order", "imdb_id": "tt5691474", "image": "games/star_wars_jedi_fallen_order.jpg", "thumbnail": "games/thumbnails/star_wars_jedi_fallen_order_thumb.webp", "creator": 43, "categories": [56, 50, 35]}}, {"model": "mttrchrdsapi.game", "pk": 64, "fields": {"name": "Bloodborne", "imdb_id": "tt3814634", "image": "games/bloodborne.jpg", "thumbnail": "games/thumbnails/bloodborne_thumb.jpg", "creator": 44, "categories": [56, 50, 35]}}, {"model": "mttrchrdsapi.game", "pk": 65, "fields": {"name": "A Plague Tale: Innocence", "imdb_id": "tt7028648", "image": "games/a_plague_tale_innocence.jpg", "thumbnail": "games/thumbnails/a_plague_tale_innocence_thumb.jpg", "creator": 45, "categories": [35, 50]}}, {"model": "mttrchrdsapi.game", "pk": 66, "fields": {"name": "Days Gone", "imdb_id": "tt6795336", "image": "games/days_gone.jpg", "thumbnail": "games/thumbnails/days_gone_thumb.webp", "creator": 46, "categories": [50, 35, 55]}}, {"model": "mttrchrdsapi.game", "pk": 67, "fields": {"name": "Unchartered: The Lost Legacy", "imdb_id": "tt6304452", "image": "games/unchartered_lost_legacy.jpg", "thumbnail": "games/thumbnails/unchartered_lost_legacy_thumb.jpg", "creator": 36, "categories": [35, 50]}}, {"model": "mttrchrdsapi.game", "pk": 68, "fields": {"name": "Death Stranding", "imdb_id": "tt5807606", "image": "games/death_stranding.jpg", "thumbnail": "games/thumbnails/death_stranding_thumb.png", "creator": 47, "categories": [50, 35, 55]}}, {"model": "mttrchrdsapi.game", "pk": 69, "fields": {"name": "Middle Earth: Shadow of War", "imdb_id": "tt6579422", "image": "games/middle_earth_shadow_of_war.jpg", "thumbnail": "games/thumbnails/middle_earth_shadow_of_war_thumb.jpg", "creator": 48, "categories": [50, 35, 55]}}, {"model": "mttrchrdsapi.game", "pk": 70, "fields": {"name": "Mortal Shell", "imdb_id": "tt12256246", "image": "games/mortal_shell.jpg", "thumbnail": "games/thumbnails/mortal_shell_thumb.webp", "creator": 49, "categories": [56, 50, 35]}}, {"model": "mttrchrdsapi.game", "pk": 71, "fields": {"name": "God of War", "imdb_id": "tt5838588", "image": "games/god_of_war.webp", "thumbnail": "games/thumbnails/god_of_war_thumb.png", "creator": 41, "categories": [35, 50]}}, {"model": "mttrchrdsapi.game", "pk": 133, "fields": {"name": "Alien Isolation", "imdb_id": "tt3391132", "image": "games/alien_isolation.webp", "thumbnail": "games/thumbnails/alien_isolation_thumb.webp", "creator": 132, "categories": [130, 35, 131]}}, {"model": "mttrchrdsapi.game", "pk": 138, "fields": {"name": "Horizon Zero Dawn", "imdb_id": "tt4044024", "image": "games/horizon_zero_dawn.webp", "thumbnail": "games/thumbnails/horizon_zero_dawn_thumb.jpg", "creator": 137, "categories": [50, 35, 55]}}, {"model": "mttrchrdsapi.game", "pk": 143, "fields": {"name": "Elden Ring", "imdb_id": "tt10562854", "image": "games/elden_ring.webp", "thumbnail": "games/thumbnails/elden_ring_thumb.webp", "creator": 44, "categories": [56, 50, 35, 55]}}, {"model": "mttrchrdsapi.game", "pk": 148, "fields": {"name": "It Takes Two", "imdb_id": "tt18183072", "image": "games/it_takes_two.webp", "thumbnail": "games/thumbnails/it_takes_two_thumb.jpg", "creator": 145, "categories": [146, 147]}}, {"model": "mttrchrdsapi.game", "pk": 153, "fields": {"name": "Sackboy", "imdb_id": "tt12497322", "image": "games/sackboy.jpg", "thumbnail": "games/thumbnails/sackboy_thumb.jpg", "creator": 152, "categories": [146, 147]}}, {"model": "mttrchrdsapi.game", "pk": 155, "fields": {"name": "Horizon Zero Dawn: The Frozen Wilds", "imdb_id": "tt7679452", "image": "games/horizon_zero_dawn_the_frozen_wilds.jpg", "thumbnail": "games/thumbnails/horizon_zero_dawn_the_frozen_wilds_thumb.webp", "creator": 137, "categories": [50, 35, 55]}}, {"model": "mttrchrdsapi.game", "pk": 159, "fields": {"name": "Hades", "imdb_id": "tt9459718", "image": "games/hades.webp", "thumbnail": "games/thumbnails/hades_thumb.jpg", "creator": 156, "categories": [35, 157, 158]}}, {"model": "mttrchrdsapi.game", "pk": 162, "fields": {"name": "Spiderman: Remastered", "imdb_id": "tt5807780", "image": "games/spider-man_remastered.png", "thumbnail": "games/thumbnails/spider-man_remastered_thumb.png", "creator": 161, "categories": [50, 35, 55]}}, {"model": "mttrchrdsapi.game", "pk": 168, "fields": {"name": "Ashen", "imdb_id": "tt12374250", "image": "games/ashen.jpg", "thumbnail": "games/thumbnails/ashen_thumb.jpg", "creator": 167, "categories": [56, 50, 55]}}, {"model": "mttrchrdsapi.game", "pk": 170, "fields": {"name": "Ghost of Tsushima", "imdb_id": "tt7651352", "image": "games/ghost_of_tsushima.webp", "thumbnail": "games/thumbnails/ghost_of_tsushima_thumb.jpg", "creator": 169, "categories": [50, 35, 55]}}, {"model": "mttrchrdsapi.game", "pk": 173, "fields": {"name": "Salt and Sacrifice", "imdb_id": "tt20358256", "image": "games/salt_and_sacrifice.jpg", "thumbnail": "games/thumbnails/salt_and_sacrifice_thumb.jpg", "creator": 172, "categories": [56, 52, 53]}}, {"model": "mttrchrdsapi.game", "pk": 174, "fields": {"name": "God of War: Ragnarok", "imdb_id": "tt13119450", "image": "games/god_of_war_ragnarok.jpg", "thumbnail": "games/thumbnails/god_of_war_ragnarok_thumb.webp", "creator": 41, "categories": [35, 50]}}, {"model": "mttrchrdsapi.game", "pk": 177, "fields": {"name": "Diablo 3", "imdb_id": "tt2186735", "image": "games/diablo_3.jpg", "thumbnail": "games/thumbnails/diablo_3_thumb.jpg", "creator": 175, "categories": [158, 176]}}, {"model": "mttrchrdsapi.game", "pk": 179, "fields": {"name": "Hollow Knight", "imdb_id": "tt7791150", "image": "games/hollow_knight.webp", "thumbnail": "games/thumbnails/hollow_knight_thumb.jpg", "creator": 178, "categories": [56, 52, 53]}}, {"model": "mttrchrdsapi.game", "pk": 214, "fields": {"name": "Sekiro: Shadows Die Twice", "imdb_id": "tt8558306", "image": "games/sekiro.jpg", "thumbnail": "games/thumbnails/sekiro_thumb.jpg", "creator": 44, "categories": [50, 56]}}, {"model": "mttrchrdsapi.game", "pk": 215, "fields": {"name": "Demon's Souls", "imdb_id": "tt12507852", "image": "games/demons_souls.jpg", "thumbnail": "games/thumbnails/demons_souls_thumb.jpg", "creator": 44, "categories": [50, 56]}}, {"model": "mttrchrdsapi.game", "pk": 217, "fields": {"name": "Curse of the Dead Gods", "imdb_id": "tt19855526", "image": "games/curse_of_the_dead_gods.jpg", "thumbnail": "games/thumbnails/curse_of_the_dead_gods_thumb.png", "creator": 216, "categories": [51, 158]}}, {"model": "mttrchrdsapi.game", "pk": 219, "fields": {"name": "Aliens Fireteam Elite", "imdb_id": "tt14159080", "image": "games/aliens_fireteam_elite.webp", "thumbnail": "games/thumbnails/aliens_fireteam_elite_thumb.jpg", "creator": 218, "categories": [50, 35, 147]}}, {"model": "mttrchrdsapi.game", "pk": 221, "fields": {"name": "F.I.S.T", "imdb_id": "tt27658559", "image": "games/fist.jpg", "thumbnail": "games/thumbnails/fist_thumb.jpg", "creator": 220, "categories": [52, 53]}}, {"model": "mttrchrdsapi.game", "pk": 224, "fields": {"name": "Darkest Dungeon", "imdb_id": "tt5528414", "image": "games/darkest_dungeon.jpg", "thumbnail": "games/thumbnails/darkest_dungeon_thumb.jpg", "creator": 222, "categories": [157, 223]}}, {"model": "mttrchrdsapi.game", "pk": 226, "fields": {"name": "Chaosbane", "imdb_id": "tt11193802", "image": "games/chaosbane.png", "thumbnail": "games/thumbnails/chaosbane_thumb.webp", "creator": 225, "categories": [176, 158]}}, {"model": "mttrchrdsapi.game", "pk": 227, "fields": {"name": "Horizon Forbidden West", "imdb_id": "tt12496904", "image": "games/horizon_forbidden_west.jpg", "thumbnail": "games/thumbnails/horizon_forbidden_west_thumb.jpg", "creator": 137, "categories": [50, 35, 55]}}, {"model": "mttrchrdsapi.game", "pk": 229, "fields": {"name": "Cuphead", "imdb_id": "tt4779924", "image": "games/cuphead.jpeg", "thumbnail": "games/thumbnails/cuphead_thumb.webp", "creator": 228, "categories": [53]}}, {"model": "mttrchrdsapi.game", "pk": 231, "fields": {"name": "Foregone", "imdb_id": "tt15315218", "image": "games/foregone.jpg", "thumbnail": "games/thumbnails/foregone_thumb.jpeg", "creator": 230, "categories": [53]}}, {"model": "mttrchrdsapi.game", "pk": 233, "fields": {"name": "Cyberpunk 2077", "imdb_id": "tt3810192", "image": "games/cyberpunk_2077.png", "thumbnail": "games/thumbnails/cyberpunk_2077_thumb.jpeg", "creator": 232, "categories": [50, 35, 55]}}, {"model": "mttrchrdsapi.game", "pk": 234, "fields": {"name": "Aliens Fireteam Elite: Pathogen", "imdb_id": "tt14159080", "image": "games/aliens_fireteam_elite_pathogen.png", "thumbnail": "games/thumbnails/aliens_fireteam_elite_pathogen_thumb.webp", "creator": 218, "categories": [50, 35, 147]}}, {"model": "mttrchrdsapi.game", "pk": 236, "fields": {"name": "Baldurs Gate 3", "imdb_id": "tt13258344", "image": "games/baldurs_gate_3.jpg", "thumbnail": "games/thumbnails/baldurs_gate_3_thumb.jpg", "creator": 235, "categories": [35, 223]}}, {"model": "mttrchrdsapi.game", "pk": 274, "fields": {"name": "Avatar the Last Airbender: Quest for Balance", "imdb_id": "tt29475180", "image": "games/avatar_quest_for_balance.png", "thumbnail": "games/thumbnails/avatar_quest_for_balance_thumb.jpg", "creator": 273, "categories": [50, 147]}}, {"model": "mttrchrdsapi.activity", "pk": 100, "fields": {"start_at": "2021-01-03", "end_at": "2021-01-23", "completed": true, "show_activity": null, "game_activity": 38, "show_platform": null, "game_platform": 39}}, {"model": "mttrchrdsapi.activity", "pk": 101, "fields": {"start_at": "2021-01-16", "end_at": "2021-03-10", "completed": true, "show_activity": 83, "game_activity": null, "show_platform": 97, "game_platform": null}}, {"model": "mttrchrdsapi.activity", "pk": 102, "fields": {"start_at": "2021-01-24", "end_at": "2021-03-01", "completed": true, "show_activity": null, "game_activity": 57, "show_platform": null, "game_platform": 39}}, {"model": "mttrchrdsapi.activity", "pk": 103, "fields": {"start_at": "2021-02-02", "end_at": "2021-02-17", "completed": true, "show_activity": 84, "game_activity": null, "show_platform": 96, "game_platform": null}}, {"model": "mttrchrdsapi.activity", "pk": 104, "fields": {"start_at": "2021-03-10", "end_at": "2021-04-03", "completed": true, "show_activity": null, "game_activity": 58, "show_platform": null, "game_platform": 39}}, {"model": "mttrchrdsapi.activity", "pk": 105, "fields": {"start_at": "2021-03-14", "end_at": "2021-04-15", "completed": true, "show_activity": 86, "game_activity": null, "show_platform": 98, "game_platform": null}}, {"model": "mttrchrdsapi.activity", "pk": 106, "fields": {"start_at": "2021-03-22", "end_at": "2021-04-25", "completed": true, "show_activity": 87, "game_activity": null, "show_platform": 97, "game_platform": null}}, {"model": "mttrchrdsapi.activity", "pk": 107, "fields": {"start_at": "2021-04-02", "end_at": "2021-05-20", "completed": true, "show_activity": 90, "game_activity": null, "show_platform": 96, "game_platform": null}}, {"model": "mttrchrdsapi.activity", "pk": 108, "fields": {"start_at": "2021-04-05", "end_at": "2021-04-29", "completed": true, "show_activity": null, "game_activity": 59, "show_platform": null, "game_platform": 39}}, {"model": "mttrchrdsapi.activity", "pk": 109, "fields": {"start_at": "2021-05-04", "end_at": "2021-05-14", "completed": false, "show_activity": null, "game_activity": 60, "show_platform": null, "game_platform": 39}}, {"model": "mttrchrdsapi.activity", "pk": 110, "fields": {"start_at": "2021-05-15", "end_at": "2021-06-03", "completed": true, "show_activity": null, "game_activity": 61, "show_platform": null, "game_platform": 39}}, {"model": "mttrchrdsapi.activity", "pk": 111, "fields": {"start_at": "2021-06-06", "end_at": "2021-06-26", "completed": false, "show_activity": null, "game_activity": 62, "show_platform": null, "game_platform": 39}}, {"model": "mttrchrdsapi.activity", "pk": 112, "fields": {"start_at": "2021-06-12", "end_at": "2021-07-16", "completed": true, "show_activity": 91, "game_activity": null, "show_platform": 97, "game_platform": null}}, {"model": "mttrchrdsapi.activity", "pk": 113, "fields": {"start_at": "2021-06-28", "end_at": "2021-07-20", "completed": true, "show_activity": null, "game_activity": 63, "show_platform": null, "game_platform": 39}}, {"model": "mttrchrdsapi.activity", "pk": 114, "fields": {"start_at": "2021-07-01", "end_at": "2021-07-13", "completed": true, "show_activity": 85, "game_activity": null, "show_platform": 96, "game_platform": null}}, {"model": "mttrchrdsapi.activity", "pk": 115, "fields": {"start_at": "2021-07-15", "end_at": "2021-07-21", "completed": false, "show_activity": null, "game_activity": 60, "show_platform": null, "game_platform": 39}}, {"model": "mttrchrdsapi.activity", "pk": 116, "fields": {"start_at": "2021-08-04", "end_at": "2021-08-06", "completed": false, "show_activity": null, "game_activity": 64, "show_platform": null, "game_platform": 39}}, {"model": "mttrchrdsapi.activity", "pk": 117, "fields": {"start_at": "2021-08-05", "end_at": "2021-08-26", "completed": true, "show_activity": 92, "game_activity": null, "show_platform": 99, "game_platform": null}}, {"model": "mttrchrdsapi.activity", "pk": 118, "fields": {"start_at": "2021-08-08", "end_at": "2021-08-10", "completed": false, "show_activity": null, "game_activity": 65, "show_platform": null, "game_platform": 39}}, {"model": "mttrchrdsapi.activity", "pk": 119, "fields": {"start_at": "2021-08-16", "end_at": "2021-08-21", "completed": false, "show_activity": null, "game_activity": 66, "show_platform": null, "game_platform": 39}}, {"model": "mttrchrdsapi.activity", "pk": 120, "fields": {"start_at": "2021-08-20", "end_at": "2021-09-16", "completed": true, "show_activity": 93, "game_activity": null, "show_platform": 99, "game_platform": null}}, {"model": "mttrchrdsapi.activity", "pk": 121, "fields": {"start_at": "2021-09-03", "end_at": "2021-09-21", "completed": false, "show_activity": null, "game_activity": 67, "show_platform": null, "game_platform": 39}}, {"model": "mttrchrdsapi.activity", "pk": 122, "fields": {"start_at": "2021-09-18", "end_at": "2021-10-02", "completed": true, "show_activity": 94, "game_activity": null, "show_platform": 99, "game_platform": null}}, {"model": "mttrchrdsapi.activity", "pk": 123, "fields": {"start_at": "2021-10-14", "end_at": "2021-10-23", "completed": false, "show_activity": null, "game_activity": 68, "show_platform": null, "game_platform": 37}}, {"model": "mttrchrdsapi.activity", "pk": 124, "fields": {"start_at": "2021-10-18", "end_at": "2021-12-14", "completed": true, "show_activity": 95, "game_activity": null, "show_platform": 99, "game_platform": null}}, {"model": "mttrchrdsapi.activity", "pk": 125, "fields": {"start_at": "2021-10-24", "end_at": "2021-11-15", "completed": false, "show_activity": null, "game_activity": 69, "show_platform": null, "game_platform": 37}}, {"model": "mttrchrdsapi.activity", "pk": 126, "fields": {"start_at": "2021-11-17", "end_at": "2021-11-30", "completed": true, "show_activity": null, "game_activity": 70, "show_platform": null, "game_platform": 37}}, {"model": "mttrchrdsapi.activity", "pk": 127, "fields": {"start_at": "2021-12-04", "end_at": "2021-12-23", "completed": true, "show_activity": null, "game_activity": 71, "show_platform": null, "game_platform": 37}}, {"model": "mttrchrdsapi.activity", "pk": 180, "fields": {"start_at": "2022-01-01", "end_at": "2022-01-16", "completed": true, "show_activity": null, "game_activity": 38, "show_platform": null, "game_platform": 37}}, {"model": "mttrchrdsapi.activity", "pk": 181, "fields": {"start_at": "2022-01-03", "end_at": "2022-01-22", "completed": true, "show_activity": 128, "game_activity": null, "show_platform": 96, "game_platform": null}}, {"model": "mttrchrdsapi.activity", "pk": 182, "fields": {"start_at": "2022-01-04", "end_at": "2022-01-25", "completed": true, "show_activity": 129, "game_activity": null, "show_platform": 97, "game_platform": null}}, {"model": "mttrchrdsapi.activity", "pk": 183, "fields": {"start_at": "2022-01-09", "end_at": "2022-01-31", "completed": true, "show_activity": null, "game_activity": 133, "show_platform": null, "game_platform": 37}}, {"model": "mttrchrdsapi.activity", "pk": 184, "fields": {"start_at": "2022-01-28", "end_at": "2022-02-11", "completed": true, "show_activity": 136, "game_activity": null, "show_platform": 97, "game_platform": null}}, {"model": "mttrchrdsapi.activity", "pk": 185, "fields": {"start_at": "2022-02-02", "end_at": "2022-02-25", "completed": false, "show_activity": null, "game_activity": 138, "show_platform": null, "game_platform": 37}}, {"model": "mttrchrdsapi.activity", "pk": 186, "fields": {"start_at": "2022-02-14", "end_at": "2022-03-18", "completed": true, "show_activity": 142, "game_activity": null, "show_platform": 97, "game_platform": null}}, {"model": "mttrchrdsapi.activity", "pk": 187, "fields": {"start_at": "2022-02-25", "end_at": "2022-06-09", "completed": true, "show_activity": null, "game_activity": 143, "show_platform": null, "game_platform": 37}}, {"model": "mttrchrdsapi.activity", "pk": 188, "fields": {"start_at": "2022-03-02", "end_at": "2022-06-01", "completed": true, "show_activity": 90, "game_activity": null, "show_platform": 96, "game_platform": null}}, {"model": "mttrchrdsapi.activity", "pk": 189, "fields": {"start_at": "2022-03-28", "end_at": "2022-04-23", "completed": true, "show_activity": null, "game_activity": 148, "show_platform": null, "game_platform": 37}}, {"model": "mttrchrdsapi.activity", "pk": 190, "fields": {"start_at": "2022-04-13", "end_at": "2022-06-10", "completed": true, "show_activity": 149, "game_activity": null, "show_platform": 97, "game_platform": null}}, {"model": "mttrchrdsapi.activity", "pk": 192, "fields": {"start_at": "2022-04-22", "end_at": "2022-04-24", "completed": false, "show_activity": 151, "game_activity": null, "show_platform": 191, "game_platform": null}}, {"model": "mttrchrdsapi.activity", "pk": 193, "fields": {"start_at": "2022-04-25", "end_at": "2022-05-25", "completed": false, "show_activity": null, "game_activity": 153, "show_platform": null, "game_platform": 37}}, {"model": "mttrchrdsapi.activity", "pk": 194, "fields": {"start_at": "2022-05-26", "end_at": "2022-06-24", "completed": true, "show_activity": 154, "game_activity": null, "show_platform": 97, "game_platform": null}}, {"model": "mttrchrdsapi.activity", "pk": 195, "fields": {"start_at": "2022-06-11", "end_at": "2022-06-29", "completed": true, "show_activity": null, "game_activity": 138, "show_platform": null, "game_platform": 37}}, {"model": "mttrchrdsapi.activity", "pk": 196, "fields": {"start_at": "2022-06-30", "end_at": "2022-07-11", "completed": false, "show_activity": null, "game_activity": 60, "show_platform": null, "game_platform": 37}}, {"model": "mttrchrdsapi.activity", "pk": 197, "fields": {"start_at": "2022-07-12", "end_at": "2022-07-15", "completed": true, "show_activity": null, "game_activity": 155, "show_platform": null, "game_platform": 37}}, {"model": "mttrchrdsapi.activity", "pk": 198, "fields": {"start_at": "2022-07-16", "end_at": "2022-08-02", "completed": true, "show_activity": null, "game_activity": 159, "show_platform": null, "game_platform": 37}}, {"model": "mttrchrdsapi.activity", "pk": 199, "fields": {"start_at": "2022-07-18", "end_at": "2022-08-03", "completed": false, "show_activity": null, "game_activity": 162, "show_platform": null, "game_platform": 37}}, {"model": "mttrchrdsapi.activity", "pk": 201, "fields": {"start_at": "2022-07-28", "end_at": "2022-08-10", "completed": false, "show_activity": 165, "game_activity": null, "show_platform": 200, "game_platform": null}}, {"model": "mttrchrdsapi.activity", "pk": 202, "fields": {"start_at": "2022-08-18", "end_at": "2022-08-25", "completed": false, "show_activity": null, "game_activity": 143, "show_platform": null, "game_platform": 37}}, {"model": "mttrchrdsapi.activity", "pk": 203, "fields": {"start_at": "2022-09-01", "end_at": "2022-10-14", "completed": true, "show_activity": 166, "game_activity": null, "show_platform": 200, "game_platform": null}}, {"model": "mttrchrdsapi.activity", "pk": 204, "fields": {"start_at": "2022-09-10", "end_at": "2022-09-15", "completed": false, "show_activity": null, "game_activity": 168, "show_platform": null, "game_platform": 37}}, {"model": "mttrchrdsapi.activity", "pk": 205, "fields": {"start_at": "2022-09-16", "end_at": "2022-10-09", "completed": false, "show_activity": null, "game_activity": 170, "show_platform": null, "game_platform": 37}}, {"model": "mttrchrdsapi.activity", "pk": 206, "fields": {"start_at": "2022-10-10", "end_at": "2022-10-15", "completed": false, "show_activity": null, "game_activity": 143, "show_platform": null, "game_platform": 37}}, {"model": "mttrchrdsapi.activity", "pk": 207, "fields": {"start_at": "2022-10-15", "end_at": "2022-11-25", "completed": true, "show_activity": 171, "game_activity": null, "show_platform": 97, "game_platform": null}}, {"model": "mttrchrdsapi.activity", "pk": 208, "fields": {"start_at": "2022-10-16", "end_at": "2022-10-29", "completed": false, "show_activity": null, "game_activity": 159, "show_platform": null, "game_platform": 37}}, {"model": "mttrchrdsapi.activity", "pk": 209, "fields": {"start_at": "2022-10-31", "end_at": "2022-11-08", "completed": false, "show_activity": null, "game_activity": 173, "show_platform": null, "game_platform": 37}}, {"model": "mttrchrdsapi.activity", "pk": 210, "fields": {"start_at": "2022-11-09", "end_at": "2022-12-15", "completed": true, "show_activity": null, "game_activity": 174, "show_platform": null, "game_platform": 37}}, {"model": "mttrchrdsapi.activity", "pk": 211, "fields": {"start_at": "2022-11-26", "end_at": "2022-11-30", "completed": false, "show_activity": 165, "game_activity": null, "show_platform": 200, "game_platform": null}}, {"model": "mttrchrdsapi.activity", "pk": 212, "fields": {"start_at": "2022-12-16", "end_at": "2022-12-18", "completed": false, "show_activity": null, "game_activity": 177, "show_platform": null, "game_platform": 37}}, {"model": "mttrchrdsapi.activity", "pk": 213, "fields": {"start_at": "2022-12-19", "end_at": "2022-12-31", "completed": true, "show_activity": null, "game_activity": 179, "show_platform": null, "game_platform": 37}}, {"model": "mttrchrdsapi.activity", "pk": 275, "fields": {"start_at": "2023-01-01", "end_at": "2023-01-22", "completed": true, "show_activity": null, "game_activity": 214, "show_platform": null, "game_platform": 37}}, {"model": "mttrchrdsapi.activity", "pk": 276, "fields": {"start_at": "2023-01-13", "end_at": "2023-01-15", "completed": true, "show_activity": 237, "game_activity": null, "show_platform": 96, "game_platform": null}}, {"model": "mttrchrdsapi.activity", "pk": 277, "fields": {"start_at": "2023-01-16", "end_at": "2023-03-15", "completed": true, "show_activity": 238, "game_activity": null, "show_platform": 99, "game_platform": null}}, {"model": "mttrchrdsapi.activity", "pk": 278, "fields": {"start_at": "2023-01-24", "end_at": "2023-01-27", "completed": false, "show_activity": null, "game_activity": 170, "show_platform": null, "game_platform": 37}}, {"model": "mttrchrdsapi.activity", "pk": 279, "fields": {"start_at": "2023-01-28", "end_at": "2023-01-30", "completed": false, "show_activity": null, "game_activity": 63, "show_platform": null, "game_platform": 37}}, {"model": "mttrchrdsapi.activity", "pk": 280, "fields": {"start_at": "2023-01-31", "end_at": "2023-02-03", "completed": false, "show_activity": null, "game_activity": 60, "show_platform": null, "game_platform": 37}}, {"model": "mttrchrdsapi.activity", "pk": 281, "fields": {"start_at": "2023-02-04", "end_at": "2023-02-24", "completed": false, "show_activity": null, "game_activity": 215, "show_platform": null, "game_platform": 37}}, {"model": "mttrchrdsapi.activity", "pk": 282, "fields": {"start_at": "2023-02-04", "end_at": "2023-03-02", "completed": true, "show_activity": 241, "game_activity": null, "show_platform": 97, "game_platform": null}}, {"model": "mttrchrdsapi.activity", "pk": 283, "fields": {"start_at": "2023-02-25", "end_at": "2023-03-03", "completed": false, "show_activity": null, "game_activity": 217, "show_platform": null, "game_platform": 37}}, {"model": "mttrchrdsapi.activity", "pk": 284, "fields": {"start_at": "2023-03-02", "end_at": "2023-04-22", "completed": true, "show_activity": 243, "game_activity": null, "show_platform": 97, "game_platform": null}}, {"model": "mttrchrdsapi.activity", "pk": 285, "fields": {"start_at": "2023-03-03", "end_at": "2023-03-18", "completed": true, "show_activity": null, "game_activity": 219, "show_platform": null, "game_platform": 37}}, {"model": "mttrchrdsapi.activity", "pk": 286, "fields": {"start_at": "2023-03-03", "end_at": "2023-03-12", "completed": true, "show_activity": 244, "game_activity": null, "show_platform": 99, "game_platform": null}}, {"model": "mttrchrdsapi.activity", "pk": 287, "fields": {"start_at": "2023-03-19", "end_at": "2023-04-01", "completed": true, "show_activity": null, "game_activity": 221, "show_platform": null, "game_platform": 37}}, {"model": "mttrchrdsapi.activity", "pk": 288, "fields": {"start_at": "2023-03-19", "end_at": "2023-04-10", "completed": true, "show_activity": 245, "game_activity": null, "show_platform": 99, "game_platform": null}}, {"model": "mttrchrdsapi.activity", "pk": 289, "fields": {"start_at": "2023-03-25", "end_at": "2023-03-27", "completed": true, "show_activity": 247, "game_activity": null, "show_platform": 98, "game_platform": null}}, {"model": "mttrchrdsapi.activity", "pk": 290, "fields": {"start_at": "2023-04-02", "end_at": "2023-04-20", "completed": false, "show_activity": null, "game_activity": 224, "show_platform": null, "game_platform": 37}}, {"model": "mttrchrdsapi.activity", "pk": 291, "fields": {"start_at": "2023-04-05", "end_at": "2023-04-15", "completed": true, "show_activity": 249, "game_activity": null, "show_platform": 200, "game_platform": null}}, {"model": "mttrchrdsapi.activity", "pk": 292, "fields": {"start_at": "2023-04-09", "end_at": "2023-04-21", "completed": true, "show_activity": 250, "game_activity": null, "show_platform": 96, "game_platform": null}}, {"model": "mttrchrdsapi.activity", "pk": 293, "fields": {"start_at": "2023-04-13", "end_at": "2023-06-30", "completed": true, "show_activity": 252, "game_activity": null, "show_platform": 99, "game_platform": null}}, {"model": "mttrchrdsapi.activity", "pk": 294, "fields": {"start_at": "2023-04-26", "end_at": "2023-05-08", "completed": true, "show_activity": 251, "game_activity": null, "show_platform": 96, "game_platform": null}}, {"model": "mttrchrdsapi.activity", "pk": 295, "fields": {"start_at": "2023-05-02", "end_at": "2023-05-05", "completed": false, "show_activity": null, "game_activity": 226, "show_platform": null, "game_platform": 37}}, {"model": "mttrchrdsapi.activity", "pk": 296, "fields": {"start_at": "2023-05-06", "end_at": "2023-05-08", "completed": true, "show_activity": null, "game_activity": 67, "show_platform": null, "game_platform": 37}}, {"model": "mttrchrdsapi.activity", "pk": 297, "fields": {"start_at": "2023-05-08", "end_at": "2023-05-15", "completed": false, "show_activity": null, "game_activity": 59, "show_platform": null, "game_platform": 37}}, {"model": "mttrchrdsapi.activity", "pk": 298, "fields": {"start_at": "2023-05-09", "end_at": "2023-05-20", "completed": true, "show_activity": 254, "game_activity": null, "show_platform": 96, "game_platform": null}}, {"model": "mttrchrdsapi.activity", "pk": 299, "fields": {"start_at": "2023-05-22", "end_at": "2023-05-27", "completed": true, "show_activity": 256, "game_activity": null, "show_platform": 96, "game_platform": null}}, {"model": "mttrchrdsapi.activity", "pk": 300, "fields": {"start_at": "2023-05-23", "end_at": "2023-05-25", "completed": false, "show_activity": null, "game_activity": 227, "show_platform": null, "game_platform": 37}}, {"model": "mttrchrdsapi.activity", "pk": 301, "fields": {"start_at": "2023-06-11", "end_at": "2023-06-28", "completed": true, "show_activity": 258, "game_activity": null, "show_platform": 96, "game_platform": null}}, {"model": "mttrchrdsapi.activity", "pk": 302, "fields": {"start_at": "2023-06-17", "end_at": "2023-06-22", "completed": false, "show_activity": null, "game_activity": 229, "show_platform": null, "game_platform": 37}}, {"model": "mttrchrdsapi.activity", "pk": 303, "fields": {"start_at": "2023-06-27", "end_at": "2023-07-14", "completed": false, "show_activity": null, "game_activity": 60, "show_platform": null, "game_platform": 37}}, {"model": "mttrchrdsapi.activity", "pk": 304, "fields": {"start_at": "2023-07-16", "end_at": "2023-07-22", "completed": true, "show_activity": null, "game_activity": 231, "show_platform": null, "game_platform": 37}}, {"model": "mttrchrdsapi.activity", "pk": 305, "fields": {"start_at": "2023-07-22", "end_at": "2023-08-18", "completed": true, "show_activity": 259, "game_activity": null, "show_platform": 200, "game_platform": null}}, {"model": "mttrchrdsapi.activity", "pk": 306, "fields": {"start_at": "2023-07-22", "end_at": "2023-08-30", "completed": false, "show_activity": null, "game_activity": 233, "show_platform": null, "game_platform": 37}}, {"model": "mttrchrdsapi.activity", "pk": 308, "fields": {"start_at": "2023-07-23", "end_at": "2023-07-29", "completed": true, "show_activity": 261, "game_activity": null, "show_platform": 307, "game_platform": null}}, {"model": "mttrchrdsapi.activity", "pk": 309, "fields": {"start_at": "2023-08-07", "end_at": "2023-08-13", "completed": true, "show_activity": 263, "game_activity": null, "show_platform": 96, "game_platform": null}}, {"model": "mttrchrdsapi.activity", "pk": 310, "fields": {"start_at": "2023-08-31", "end_at": "2023-09-04", "completed": true, "show_activity": null, "game_activity": 234, "show_platform": null, "game_platform": 37}}, {"model": "mttrchrdsapi.activity", "pk": 311, "fields": {"start_at": "2023-09-04", "end_at": "2023-09-07", "completed": true, "show_activity": 265, "game_activity": null, "show_platform": 96, "game_platform": null}}, {"model": "mttrchrdsapi.activity", "pk": 312, "fields": {"start_at": "2023-09-06", "end_at": null, "completed": false, "show_activity": null, "game_activity": 236, "show_platform": null, "game_platform": 37}}, {"model": "mttrchrdsapi.activity", "pk": 314, "fields": {"start_at": "2023-09-12", "end_at": "2023-10-06", "completed": true, "show_activity": 267, "game_activity": null, "show_platform": 313, "game_platform": null}}, {"model": "mttrchrdsapi.activity", "pk": 315, "fields": {"start_at": "2023-09-29", "end_at": "2023-10-07", "completed": true, "show_activity": 268, "game_activity": null, "show_platform": 97, "game_platform": null}}, {"model": "mttrchrdsapi.activity", "pk": 316, "fields": {"start_at": "2023-09-30", "end_at": "2023-10-02", "completed": false, "show_activity": null, "game_activity": 274, "show_platform": null, "game_platform": 37}}, {"model": "mttrchrdsapi.activity", "pk": 317, "fields": {"start_at": "2023-10-06", "end_at": null, "completed": false, "show_activity": 242, "game_activity": null, "show_platform": 97, "game_platform": null}}, {"model": "mttrchrdsapi.activity", "pk": 318, "fields": {"start_at": "2023-10-08", "end_at": "2023-10-10", "completed": true, "show_activity": 270, "game_activity": null, "show_platform": 97, "game_platform": null}}, {"model": "mttrchrdsapi.activity", "pk": 320, "fields": {"start_at": "2023-10-13", "end_at": "2023-10-15", "completed": true, "show_activity": 272, "game_activity": null, "show_platform": 319, "game_platform": null}}, {"model": "mttrchrdsapi.activity", "pk": 323, "fields": {"start_at": "2023-10-28", "end_at": null, "completed": false, "show_activity": 322, "game_activity": null, "show_platform": 321, "game_platform": null}}]